{
  "executionDate": "2025-12-18T12:25:25.758Z",
  "config": {
    "daysBeforePrediction": 1
  },
  "aggregateMetrics": {
    "mean": {
      "precision": 0.38142946084381457,
      "recall": 0.8311690596984714,
      "f1Score": 0.48689490133762825,
      "mae": 21.686269397269403,
      "wmape": 29.575866321465764,
      "mape": 34.49481124713056,
      "bias": 2.9459547750377197
    },
    "median": {
      "precision": 0.3798076923076923,
      "recall": 0.9198717948717949,
      "f1Score": 0.5,
      "mae": 1,
      "wmape": 25.833333333333336,
      "mape": 32.21372377622377,
      "bias": 0
    },
    "stdDev": {
      "precision": 0.22002058978462158,
      "recall": 0.24105791665460977,
      "f1Score": 0.22754960213885495,
      "mae": 40.78709421961455,
      "wmape": 27.064596890819985,
      "mape": 32.38463045663087,
      "bias": 34.37156963591508
    },
    "percentiles": {
      "p25": {
        "recall": 0.75,
        "wmape": 5.133928571428571,
        "mape": 5.446428571428571,
        "bias": -11.160714285714285
      },
      "p50": {
        "recall": 0.9198717948717949,
        "wmape": 25.833333333333336,
        "mape": 32.21372377622377,
        "bias": 0
      },
      "p75": {
        "recall": 1,
        "wmape": 43.714285714285715,
        "mape": 50,
        "bias": 14.49560317067129
      },
      "p90": {
        "recall": 1,
        "wmape": 58.928571428571445,
        "mape": 60.4104308390023,
        "bias": 35.97972294719937
      }
    }
  },
  "individualResults": [
    {
      "clientId": 30,
      "clientName": "Conserverie Et Moutarderie Belge",
      "orderName": "S39535",
      "success": true,
      "metrics": {
        "precision": 0.2857142857142857,
        "recall": 1,
        "f1Score": 0.4444444444444445,
        "mae": 0,
        "wmape": 0,
        "mape": 0,
        "bias": 0
      }
    },
    {
      "clientId": 99,
      "clientName": "La Fermette Godelaine de Saint-Georges",
      "orderName": "S39676",
      "success": true,
      "metrics": {
        "precision": 0.30303030303030304,
        "recall": 0.7692307692307693,
        "f1Score": 0.43478260869565216,
        "mae": 1.3,
        "wmape": 130,
        "mape": 130,
        "bias": 130
      }
    },
    {
      "clientId": 3452,
      "clientName": "DELHAIZE LE LION/DE LEEUW NV",
      "orderName": "S39686",
      "success": true,
      "metrics": {
        "precision": 0.5,
        "recall": 1,
        "f1Score": 0.6666666666666666,
        "mae": 0,
        "wmape": 0,
        "mape": 0,
        "bias": 0
      }
    },
    {
      "clientId": 3460,
      "clientName": "UPFRESH - HUPPA",
      "orderName": "S39539",
      "success": true,
      "metrics": {
        "precision": 0.5,
        "recall": 1,
        "f1Score": 0.6666666666666666,
        "mae": 80,
        "wmape": 50,
        "mape": 50,
        "bias": -50
      }
    },
    {
      "clientId": 3547,
      "clientName": "K&F DE PAUW",
      "orderName": "S39711",
      "success": true,
      "metrics": {
        "precision": 0.09090909090909091,
        "recall": 1,
        "f1Score": 0.16666666666666669,
        "mae": 25,
        "wmape": 12.5,
        "mape": 12.5,
        "bias": -12.5
      }
    },
    {
      "clientId": 3576,
      "clientName": "HOUGARDY S.A.",
      "orderName": "S39635",
      "success": true,
      "metrics": {
        "precision": 0.5,
        "recall": 1,
        "f1Score": 0.6666666666666666,
        "mae": 0,
        "wmape": 0,
        "mape": 0,
        "bias": 0
      }
    },
    {
      "clientId": 3577,
      "clientName": "ITM ALIMENTAIRE BELGIUM",
      "orderName": "S39716",
      "success": true,
      "metrics": {
        "precision": 0.6666666666666666,
        "recall": 1,
        "f1Score": 0.8,
        "mae": 32,
        "wmape": 26.666666666666668,
        "mape": 25,
        "bias": -26.666666666666668
      }
    },
    {
      "clientId": 3590,
      "clientName": "MAISON DESPRIET SA",
      "orderName": "S39562",
      "success": true,
      "metrics": {
        "precision": 0.375,
        "recall": 0.75,
        "f1Score": 0.5,
        "mae": 14.666666666666666,
        "wmape": 16.923076923076923,
        "mape": 16.666666666666668,
        "bias": 16.923076923076923
      }
    },
    {
      "clientId": 3755,
      "clientName": "BVBA DRINK & FOOD",
      "orderName": "S39706",
      "success": true,
      "metrics": {
        "precision": 0.5,
        "recall": 1,
        "f1Score": 0.6666666666666666,
        "mae": 1.5,
        "wmape": 3.7037037037037033,
        "mape": 150,
        "bias": 3.7037037037037033
      }
    },
    {
      "clientId": 3812,
      "clientName": "ÖKORING HANDELS GMBH",
      "orderName": "S39594",
      "success": true,
      "metrics": {
        "precision": 0.6666666666666666,
        "recall": 0.75,
        "f1Score": 0.7058823529411765,
        "mae": 0,
        "wmape": 0,
        "mape": 0,
        "bias": 0
      }
    },
    {
      "clientId": 3818,
      "clientName": "NATURKOST WEST GMBH",
      "orderName": "S39694",
      "success": true,
      "metrics": {
        "precision": 0.5,
        "recall": 0.5,
        "f1Score": 0.5,
        "mae": 8,
        "wmape": 25,
        "mape": 25,
        "bias": -25
      }
    },
    {
      "clientId": 3831,
      "clientName": "DANTESSE GmbH",
      "orderName": "S39512",
      "success": true,
      "metrics": {
        "precision": 0.16666666666666666,
        "recall": 0.5,
        "f1Score": 0.25,
        "mae": 115,
        "wmape": 46,
        "mape": 46,
        "bias": -46
      }
    },
    {
      "clientId": 3840,
      "clientName": "KORO HANDELS GmbH",
      "orderName": "S39714",
      "success": true,
      "metrics": {
        "precision": 0.4,
        "recall": 0.5,
        "f1Score": 0.4444444444444445,
        "mae": 1,
        "wmape": 0.12961762799740764,
        "mape": 2.3255813953488373,
        "bias": 0.12961762799740764
      }
    },
    {
      "clientId": 3863,
      "clientName": "C.F. GRELL NACHF. NATURKOST",
      "orderName": "S39705",
      "success": true,
      "metrics": {
        "precision": 1,
        "recall": 0.6666666666666666,
        "f1Score": 0.8,
        "mae": 8,
        "wmape": 33.33333333333333,
        "mape": 33.33333333333333,
        "bias": 0
      }
    },
    {
      "clientId": 3865,
      "clientName": "REWE MARKT GMBH - WEST",
      "orderName": "S39292",
      "success": true,
      "metrics": {
        "precision": 0.20833333333333334,
        "recall": 0.8333333333333334,
        "f1Score": 0.33333333333333337,
        "mae": 0.8,
        "wmape": 40,
        "mape": 33.33333333333333,
        "bias": 20
      }
    },
    {
      "clientId": 3875,
      "clientName": "E.L.D. GMBH",
      "orderName": "S39579",
      "success": true,
      "metrics": {
        "precision": 0.25,
        "recall": 0.3333333333333333,
        "f1Score": 0.28571428571428575,
        "mae": 112,
        "wmape": 58.333333333333336,
        "mape": 58.333333333333336,
        "bias": -58.333333333333336
      }
    },
    {
      "clientId": 5490,
      "clientName": "BIOCOOP SA COOP, BIOCOOP SA COOP, Adresse de facturation",
      "orderName": "S39754",
      "success": true,
      "metrics": {
        "precision": 0.38461538461538464,
        "recall": 1,
        "f1Score": 0.5555555555555556,
        "mae": 74.1,
        "wmape": 42.15017064846416,
        "mape": 57.5,
        "bias": 42.15017064846416
      }
    },
    {
      "clientId": 8131,
      "clientName": "ILIS    SA, FRANCESCO LOZANO",
      "orderName": "S37570",
      "success": true,
      "metrics": {
        "precision": 0.625,
        "recall": 1,
        "f1Score": 0.7692307692307693,
        "mae": 144.8,
        "wmape": 71.25984251968504,
        "mape": 48.4,
        "bias": -71.25984251968504
      }
    },
    {
      "clientId": 8144,
      "clientName": "DELISALADES, Jean-Luc Durré",