{
  "executionDate": "2025-12-19T13:05:10.304Z",
  "config": {
    "daysBeforePrediction": 1
  },
  "aggregateMetrics": {
    "mean": {
      "precision": 0.4107633540904158,
      "recall": 0.8198239702835292,
      "f1Score": 0.5083676786458969,
      "mae": 25.83145053441928,
      "wmape": 31.26554748405402,
      "mape": 36.74307944441932,
      "bias": 8.384084955510785
    },
    "median": {
      "precision": 0.40689655172413797,
      "recall": 0.8944444444444444,
      "f1Score": 0.5367316341829086,
      "mae": 0.90625,
      "wmape": 27.546296296296298,
      "mape": 33.33333333333333,
      "bias": 0
    },
    "stdDev": {
      "precision": 0.23290121604065112,
      "recall": 0.22292485896900685,
      "f1Score": 0.2294909500000504,
      "mae": 56.436782637985566,
      "wmape": 34.48674409660225,
      "mape": 37.89867076370322,
      "bias": 38.39488758189449
    },
    "percentiles": {
      "p25": {
        "recall": 0.696078431372549,
        "wmape": 1.8518518518518516,
        "mape": 2.6450146627565982,
        "bias": 0
      },
      "p50": {
        "recall": 0.8944444444444444,
        "wmape": 27.546296296296298,
        "mape": 33.33333333333333,
        "bias": 0
      },
      "p75": {
        "recall": 1,
        "wmape": 45.81704851752022,
        "mape": 55.208333333333336,
        "bias": 19.380842911877394
      },
      "p90": {
        "recall": 1,
        "wmape": 68.85662191816188,
        "mape": 81.20474619466557,
        "bias": 37.88679245283021
      }
    }
  },
  "individualResults": [
    {
      "clientId": 30,
      "clientName": "Conserverie Et Moutarderie Belge",
      "orderName": "S39535",
      "success": true,
      "metrics": {
        "precision": 0.2857142857142857,
        "recall": 1,
        "f1Score": 0.4444444444444445,
        "mae": 0,
        "wmape": 0,
        "mape": 0,
        "bias": 0
      }
    },
    {
      "clientId": 99,
      "clientName": "La Fermette Godelaine de Saint-Georges",
      "orderName": "S39676",
      "success": true,
      "metrics": {
        "precision": 0.23809523809523808,
        "recall": 0.38461538461538464,
        "f1Score": 0.2941176470588235,
        "mae": 0.4,
        "wmape": 40,
        "mape": 40,
        "bias": 40
      }
    },
    {
      "clientId": 3452,
      "clientName": "DELHAIZE LE LION/DE LEEUW NV",
      "orderName": "S39686",
      "success": true,
      "metrics": {
        "precision": 0.5,
        "recall": 1,
        "f1Score": 0.6666666666666666,
        "mae": 0,
        "wmape": 0,
        "mape": 0,
        "bias": 0
      }
    },
    {
      "clientId": 3460,
      "clientName": "UPFRESH - HUPPA",
      "orderName": "S39539",
      "success": true,
      "metrics": {
        "precision": 0.5,
        "recall": 1,
        "f1Score": 0.6666666666666666,
        "mae": 0,
        "wmape": 0,
        "mape": 0,
        "bias": 0
      }
    },
    {
      "clientId": 3547,
      "clientName": "K&F DE PAUW",
      "orderName": "S39711",
      "success": true,
      "metrics": {
        "precision": 0.05263157894736842,
        "recall": 1,
        "f1Score": 0.1,
        "mae": 0,
        "wmape": 0,
        "mape": 0,
        "bias": 0
      }
    },
    {
      "clientId": 3576,
      "clientName": "HOUGARDY S.A.",
      "orderName": "S39635",
      "success": true,
      "metrics": {
        "precision": 0.5,
        "recall": 1,
        "f1Score": 0.6666666666666666,
        "mae": 0,
        "wmape": 0,
        "mape": 0,
        "bias": 0
      }
    },
    {
      "clientId": 3577,
      "clientName": "ITM ALIMENTAIRE BELGIUM",
      "orderName": "S39716",
      "success": true,
      "metrics": {
        "precision": 0.6666666666666666,
        "recall": 1,
        "f1Score": 0.8,
        "mae": 88,
        "wmape": 73.33333333333333,
        "mape": 75,
        "bias": 20
      }
    },
    {
      "clientId": 3590,
      "clientName": "MAISON DESPRIET SA",
      "orderName": "S39562",
      "success": true,
      "metrics": {
        "precision": 0.4,
        "recall": 1,
        "f1Score": 0.5714285714285715,
        "mae": 13,
        "wmape": 19.923371647509576,
        "mape": 29.166666666666664,
        "bias": 19.923371647509576
      }
    },
    {
      "clientId": 3755,
      "clientName": "BVBA DRINK & FOOD",
      "orderName": "S39706",
      "success": true,
      "metrics": {
        "precision": 0.5,
        "recall": 1,
        "f1Score": 0.6666666666666666,
        "mae": 1,
        "wmape": 2.4691358024691357,
        "mape": 100,
        "bias": 2.4691358024691357
      }
    },
    {
      "clientId": 3812,
      "clientName": "ÖKORING HANDELS GMBH",
      "orderName": "S39594",
      "success": true,
      "metrics": {
        "precision": 0.7142857142857143,
        "recall": 0.625,
        "f1Score": 0.6666666666666666,
        "mae": 0,
        "wmape": 0,
        "mape": 0,
        "bias": 0
      }
    },
    {
      "clientId": 3818,
      "clientName": "NATURKOST WEST GMBH",
      "orderName": "S39694",
      "success": true,
      "metrics": {
        "precision": 0.5,
        "recall": 0.5,
        "f1Score": 0.5,
        "mae": 8,
        "wmape": 25,
        "mape": 25,
        "bias": -25
      }
    },
    {
      "clientId": 3831,
      "clientName": "DANTESSE GmbH",
      "orderName": "S39512",
      "success": true,
      "metrics": {
        "precision": 0.1,
        "recall": 0.5,
        "f1Score": 0.16666666666666669,
        "mae": 0,
        "wmape": 0,
        "mape": 0,
        "bias": 0
      }
    },
    {
      "clientId": 3840,
      "clientName": "KORO HANDELS GmbH",
      "orderName": "S39714",
      "success": true,
      "metrics": {
        "precision": 0.3333333333333333,
        "recall": 0.5,
        "f1Score": 0.4,
        "mae": 0,
        "wmape": 0,
        "mape": 0,
        "bias": 0
      }
    },
    {
      "clientId": 3863,
      "clientName": "C.F. GRELL NACHF. NATURKOST",
      "orderName": "S39705",
      "success": true,
      "metrics": {
        "precision": 1,
        "recall": 0.6666666666666666,
        "f1Score": 0.8,
        "mae": 8,
        "wmape": 33.33333333333333,
        "mape": 33.33333333333333,
        "bias": 0
      }
    },
    {
      "clientId": 3865,
      "clientName": "REWE MARKT GMBH - WEST",
      "orderName": "S39292",
      "success": true,
      "metrics": {
        "precision": 0.21052631578947367,
        "recall": 0.6666666666666666,
        "f1Score": 0.32,
        "mae": 1.25,
        "wmape": 55.55555555555556,
        "mape": 54.166666666666664,
        "bias": 33.33333333333333
      }
    },
    {
      "clientId": 3875,
      "clientName": "E.L.D. GMBH",
      "orderName": "S39579",
      "success": true,
      "metrics": {
        "precision": 0.25,
        "recall": 0.3333333333333333,
        "f1Score": 0.28571428571428575,
        "mae": 112,
        "wmape": 58.333333333333336,
        "mape": 58.333333333333336,
        "bias": -58.333333333333336
      }
    },
    {
      "clientId": 5490,
      "clientName": "BIOCOOP SA COOP, BIOCOOP SA COOP, Adresse de facturation",
      "orderName": "S39754",
      "success": true,
      "metrics": {
        "precision": 0.4166666666666667,
        "recall": 1,
        "f1Score": 0.5882352941176471,
        "mae": 82.5,
        "wmape": 46.92832764505119,
        "mape": 66.66666666666666,
        "bias": 46.92832764505119
      }
    },
    {
      "clientId": 8131,
      "clientName": "ILIS    SA, FRANCESCO LOZANO",
      "orderName": "S37570",
      "success": true,
      "metrics": {
        "precision": 0.7142857142857143,
        "recall": 1,
        "f1Score": 0.8333333333333333,
        "mae": 144.6,
        "wmape": 71.16141732283464,
        "mape": 46.4,
        "bias": -71.16141732283464
      }
    },
    {
      "clientId": 8144,
      "clientName": "DELISALADES, Jean-Luc Durré",
      "orderName": "S39732",
      "success": true,