{
  "executionDate": "2025-12-18T12:02:48.461Z",
  "config": {
    "daysBeforePrediction": 1
  },
  "aggregateMetrics": {
    "mean": {
      "precision": 0.38142946084381457,
      "recall": 0.8311690596984714,
      "f1Score": 0.48689490133762825,
      "mae": 24.482671717171705,
      "wmape": 33.443234173758924,
      "mape": 39.05781044966298,
      "bias": 5.392364379534218
    },
    "median": {
      "precision": 0.3798076923076923,
      "recall": 0.9198717948717949,
      "f1Score": 0.5,
      "mae": 1.55,
      "wmape": 26.25,
      "mape": 33.33333333333333,
      "bias": 0
    },
    "stdDev": {
      "precision": 0.22002058978462158,
      "recall": 0.24105791665460977,
      "f1Score": 0.22754960213885495,
      "mae": 44.62314249232615,
      "wmape": 34.914098901933436,
      "mape": 40.27857588230176,
      "bias": 41.61160332741292
    },
    "percentiles": {
      "p25": {
        "recall": 0.75,
        "wmape": 5.133928571428571,
        "mape": 8.958333333333332,
        "bias": -9.423076923076923
      },
      "p50": {
        "recall": 0.9198717948717949,
        "wmape": 26.25,
        "mape": 33.33333333333333,
        "bias": 0
      },
      "p75": {
        "recall": 1,
        "wmape": 50,
        "mape": 53.95,
        "bias": 14.80661519830457
      },
      "p90": {
        "recall": 1,
        "wmape": 71.3781512605042,
        "mape": 70.5,
        "bias": 37.527472527472554
      }
    }
  },
  "individualResults": [
    {
      "clientId": 30,
      "clientName": "Conserverie Et Moutarderie Belge",
      "orderName": "S39535",
      "success": true,
      "metrics": {
        "precision": 0.2857142857142857,
        "recall": 1,
        "f1Score": 0.4444444444444445,
        "mae": 0,
        "wmape": 0,
        "mape": 0,
        "bias": 0
      }
    },
    {
      "clientId": 99,
      "clientName": "La Fermette Godelaine de Saint-Georges",
      "orderName": "S39676",
      "success": true,
      "metrics": {
        "precision": 0.30303030303030304,
        "recall": 0.7692307692307693,
        "f1Score": 0.43478260869565216,
        "mae": 0.7,
        "wmape": 70,
        "mape": 70,
        "bias": 70
      }
    },
    {
      "clientId": 3452,
      "clientName": "DELHAIZE LE LION/DE LEEUW NV",
      "orderName": "S39686",
      "success": true,
      "metrics": {
        "precision": 0.5,
        "recall": 1,
        "f1Score": 0.6666666666666666,
        "mae": 0,
        "wmape": 0,
        "mape": 0,
        "bias": 0
      }
    },
    {
      "clientId": 3460,
      "clientName": "UPFRESH - HUPPA",
      "orderName": "S39539",
      "success": true,
      "metrics": {
        "precision": 0.5,
        "recall": 1,
        "f1Score": 0.6666666666666666,
        "mae": 40,
        "wmape": 25,
        "mape": 25,
        "bias": -25
      }
    },
    {
      "clientId": 3547,
      "clientName": "K&F DE PAUW",
      "orderName": "S39711",
      "success": true,
      "metrics": {
        "precision": 0.09090909090909091,
        "recall": 1,
        "f1Score": 0.16666666666666669,
        "mae": 0,
        "wmape": 0,
        "mape": 0,
        "bias": 0
      }
    },
    {
      "clientId": 3576,
      "clientName": "HOUGARDY S.A.",
      "orderName": "S39635",
      "success": true,
      "metrics": {
        "precision": 0.5,
        "recall": 1,
        "f1Score": 0.6666666666666666,
        "mae": 80,
        "wmape": 50,
        "mape": 50,
        "bias": -50
      }
    },
    {
      "clientId": 3577,
      "clientName": "ITM ALIMENTAIRE BELGIUM",
      "orderName": "S39716",
      "success": true,
      "metrics": {
        "precision": 0.6666666666666666,
        "recall": 1,
        "f1Score": 0.8,
        "mae": 88,
        "wmape": 73.33333333333333,
        "mape": 75,
        "bias": 20
      }
    },
    {
      "clientId": 3590,
      "clientName": "MAISON DESPRIET SA",
      "orderName": "S39562",
      "success": true,
      "metrics": {
        "precision": 0.375,
        "recall": 0.75,
        "f1Score": 0.5,
        "mae": 16.666666666666668,
        "wmape": 19.230769230769234,
        "mape": 33.333333333333336,
        "bias": 19.230769230769234
      }
    },
    {
      "clientId": 3755,
      "clientName": "BVBA DRINK & FOOD",
      "orderName": "S39706",
      "success": true,
      "metrics": {
        "precision": 0.5,
        "recall": 1,
        "f1Score": 0.6666666666666666,
        "mae": 1,
        "wmape": 2.4691358024691357,
        "mape": 100,
        "bias": 2.4691358024691357
      }
    },
    {
      "clientId": 3812,
      "clientName": "ÖKORING HANDELS GMBH",
      "orderName": "S39594",
      "success": true,
      "metrics": {
        "precision": 0.6666666666666666,
        "recall": 0.75,
        "f1Score": 0.7058823529411765,
        "mae": 2.1666666666666665,
        "wmape": 13.541666666666666,
        "mape": 13.541666666666666,
        "bias": 13.541666666666666
      }
    },
    {
      "clientId": 3818,
      "clientName": "NATURKOST WEST GMBH",
      "orderName": "S39694",
      "success": true,
      "metrics": {
        "precision": 0.5,
        "recall": 0.5,
        "f1Score": 0.5,
        "mae": 8,
        "wmape": 25,
        "mape": 25,
        "bias": -25
      }
    },
    {
      "clientId": 3831,
      "clientName": "DANTESSE GmbH",
      "orderName": "S39512",
      "success": true,
      "metrics": {
        "precision": 0.16666666666666666,
        "recall": 0.5,
        "f1Score": 0.25,
        "mae": 135,
        "wmape": 54,
        "mape": 54,
        "bias": -54
      }
    },
    {
      "clientId": 3840,
      "clientName": "KORO HANDELS GmbH",
      "orderName": "S39714",
      "success": true,
      "metrics": {
        "precision": 0.4,
        "recall": 0.5,
        "f1Score": 0.4444444444444445,
        "mae": 7.5,
        "wmape": 0.9721322099805573,
        "mape": 0.5,
        "bias": 0.9721322099805573
      }
    },
    {
      "clientId": 3863,
      "clientName": "C.F. GRELL NACHF. NATURKOST",
      "orderName": "S39705",
      "success": true,
      "metrics": {
        "precision": 1,
        "recall": 0.6666666666666666,
        "f1Score": 0.8,
        "mae": 8,
        "wmape": 33.33333333333333,
        "mape": 33.33333333333333,
        "bias": 0
      }
    },
    {
      "clientId": 3865,
      "clientName": "REWE MARKT GMBH - WEST",
      "orderName": "S39292",
      "success": true,
      "metrics": {
        "precision": 0.20833333333333334,
        "recall": 0.8333333333333334,
        "f1Score": 0.33333333333333337,
        "mae": 1,
        "wmape": 50,
        "mape": 43.33333333333333,
        "bias": 30
      }
    },
    {
      "clientId": 3875,
      "clientName": "E.L.D. GMBH",
      "orderName": "S39579",
      "success": true,
      "metrics": {
        "precision": 0.25,
        "recall": 0.3333333333333333,
        "f1Score": 0.28571428571428575,
        "mae": 112,
        "wmape": 58.333333333333336,
        "mape": 58.333333333333336,
        "bias": -58.333333333333336
      }
    },
    {
      "clientId": 5490,
      "clientName": "BIOCOOP SA COOP, BIOCOOP SA COOP, Adresse de facturation",
      "orderName": "S39754",
      "success": true,
      "metrics": {
        "precision": 0.38461538461538464,
        "recall": 1,
        "f1Score": 0.5555555555555556,
        "mae": 8.1,
        "wmape": 4.607508532423208,
        "mape": 13.333333333333332,
        "bias": 1.0807736063708762
      }
    },
    {
      "clientId": 8131,
      "clientName": "ILIS    SA, FRANCESCO LOZANO",
      "orderName": "S37570",
      "success": true,
      "metrics": {
        "precision": 0.625,
        "recall": 1,
        "f1Score": 0.7692307692307693,
        "mae": 147.6,
        "wmape": 72.63779527559055,
        "mape": 53.8,
        "bias": -72.63779527559055
      }
    },
    {
      "clientId": 8144,
      "clientName": "DELISALADES, Jean-Luc Durré",
      "orderName": "S39732",