{
  "executionDate": "2025-12-18T12:02:48.429Z",
  "config": {
    "daysBeforePrediction": 1
  },
  "aggregateMetrics": {
    "mean": {
      "precision": 0.40444926755719407,
      "recall": 0.9435493094868095,
      "f1Score": 0.5333458062518117,
      "mae": 25.726914983164974,
      "wmape": 35.094231702738014,
      "mape": 40.425470286775,
      "bias": 5.8136608120148106
    },
    "median": {
      "precision": 0.39230769230769236,
      "recall": 1,
      "f1Score": 0.5505050505050505,
      "mae": 2,
      "wmape": 26.25,
      "mape": 33.33333333333333,
      "bias": 0
    },
    "stdDev": {
      "precision": 0.2106028920757713,
      "recall": 0.1054033762290904,
      "f1Score": 0.2195784357176417,
      "mae": 45.1951148236457,
      "wmape": 35.42471051107886,
      "mape": 40.78874279459608,
      "bias": 43.14092509099974
    },
    "percentiles": {
      "p25": {
        "recall": 0.9147727272727273,
        "wmape": 7.331730769230769,
        "mape": 12.708333333333332,
        "bias": -10.625
      },
      "p50": {
        "recall": 1,
        "wmape": 26.25,
        "mape": 33.33333333333333,
        "bias": 0
      },
      "p75": {
        "recall": 1,
        "wmape": 50.54347826086956,
        "mape": 54.041666666666664,
        "bias": 15.079365079365079
      },
      "p90": {
        "recall": 1,
        "wmape": 71.79133858267717,
        "mape": 78.75000000000006,
        "bias": 41.15384615384623
      }
    }
  },
  "individualResults": [
    {
      "clientId": 30,
      "clientName": "Conserverie Et Moutarderie Belge",
      "orderName": "S39535",
      "success": true,
      "metrics": {
        "precision": 0.2857142857142857,
        "recall": 1,
        "f1Score": 0.4444444444444445,
        "mae": 0,
        "wmape": 0,
        "mape": 0,
        "bias": 0
      }
    },
    {
      "clientId": 99,
      "clientName": "La Fermette Godelaine de Saint-Georges",
      "orderName": "S39676",
      "success": true,
      "metrics": {
        "precision": 0.27586206896551724,
        "recall": 0.8,
        "f1Score": 0.4102564102564103,
        "mae": 0.875,
        "wmape": 87.5,
        "mape": 87.5,
        "bias": 87.5
      }
    },
    {
      "clientId": 3452,
      "clientName": "DELHAIZE LE LION/DE LEEUW NV",
      "orderName": "S39686",
      "success": true,
      "metrics": {
        "precision": 0.5,
        "recall": 1,
        "f1Score": 0.6666666666666666,
        "mae": 0,
        "wmape": 0,
        "mape": 0,
        "bias": 0
      }
    },
    {
      "clientId": 3460,
      "clientName": "UPFRESH - HUPPA",
      "orderName": "S39539",
      "success": true,
      "metrics": {
        "precision": 0.5,
        "recall": 1,
        "f1Score": 0.6666666666666666,
        "mae": 40,
        "wmape": 25,
        "mape": 25,
        "bias": -25
      }
    },
    {
      "clientId": 3547,
      "clientName": "K&F DE PAUW",
      "orderName": "S39711",
      "success": true,
      "metrics": {
        "precision": 0.09090909090909091,
        "recall": 1,
        "f1Score": 0.16666666666666669,
        "mae": 0,
        "wmape": 0,
        "mape": 0,
        "bias": 0
      }
    },
    {
      "clientId": 3576,
      "clientName": "HOUGARDY S.A.",
      "orderName": "S39635",
      "success": true,
      "metrics": {
        "precision": 0.5,
        "recall": 1,
        "f1Score": 0.6666666666666666,
        "mae": 80,
        "wmape": 50,
        "mape": 50,
        "bias": -50
      }
    },
    {
      "clientId": 3577,
      "clientName": "ITM ALIMENTAIRE BELGIUM",
      "orderName": "S39716",
      "success": true,
      "metrics": {
        "precision": 0.6666666666666666,
        "recall": 1,
        "f1Score": 0.8,
        "mae": 88,
        "wmape": 73.33333333333333,
        "mape": 75,
        "bias": 20
      }
    },
    {
      "clientId": 3590,
      "clientName": "MAISON DESPRIET SA",
      "orderName": "S39562",
      "success": true,
      "metrics": {
        "precision": 0.375,
        "recall": 0.75,
        "f1Score": 0.5,
        "mae": 16.666666666666668,
        "wmape": 19.230769230769234,
        "mape": 33.333333333333336,
        "bias": 19.230769230769234
      }
    },
    {
      "clientId": 3755,
      "clientName": "BVBA DRINK & FOOD",
      "orderName": "S39706",
      "success": true,
      "metrics": {
        "precision": 0.5,
        "recall": 1,
        "f1Score": 0.6666666666666666,
        "mae": 1,
        "wmape": 2.4691358024691357,
        "mape": 100,
        "bias": 2.4691358024691357
      }
    },
    {
      "clientId": 3812,
      "clientName": "ÖKORING HANDELS GMBH",
      "orderName": "S39594",
      "success": true,
      "metrics": {
        "precision": 0.6666666666666666,
        "recall": 1,
        "f1Score": 0.8,
        "mae": 2.1666666666666665,
        "wmape": 13.541666666666666,
        "mape": 13.541666666666666,
        "bias": 13.541666666666666
      }
    },
    {
      "clientId": 3818,
      "clientName": "NATURKOST WEST GMBH",
      "orderName": "S39694",
      "success": true,
      "metrics": {
        "precision": 0.5,
        "recall": 1,
        "f1Score": 0.6666666666666666,
        "mae": 8,
        "wmape": 25,
        "mape": 25,
        "bias": -25
      }
    },
    {
      "clientId": 3831,
      "clientName": "DANTESSE GmbH",
      "orderName": "S39512",
      "success": true,
      "metrics": {
        "precision": 0.16666666666666666,
        "recall": 1,
        "f1Score": 0.2857142857142857,
        "mae": 135,
        "wmape": 54,
        "mape": 54,
        "bias": -54
      }
    },
    {
      "clientId": 3840,
      "clientName": "KORO HANDELS GmbH",
      "orderName": "S39714",
      "success": true,
      "metrics": {
        "precision": 0.4,
        "recall": 0.5,
        "f1Score": 0.4444444444444445,
        "mae": 7.5,
        "wmape": 0.9721322099805573,
        "mape": 0.5,
        "bias": 0.9721322099805573
      }
    },
    {
      "clientId": 3863,
      "clientName": "C.F. GRELL NACHF. NATURKOST",
      "orderName": "S39705",
      "success": true,
      "metrics": {
        "precision": 1,
        "recall": 1,
        "f1Score": 1,
        "mae": 8,
        "wmape": 33.33333333333333,
        "mape": 33.33333333333333,
        "bias": 0
      }
    },
    {
      "clientId": 3865,
      "clientName": "REWE MARKT GMBH - WEST",
      "orderName": "S39292",
      "success": true,
      "metrics": {
        "precision": 0.20833333333333334,
        "recall": 1,
        "f1Score": 0.3448275862068966,
        "mae": 1,
        "wmape": 50,
        "mape": 43.33333333333333,
        "bias": 30
      }
    },
    {
      "clientId": 3875,
      "clientName": "E.L.D. GMBH",
      "orderName": "S39579",
      "success": true,
      "metrics": {
        "precision": 0.25,
        "recall": 1,
        "f1Score": 0.4,
        "mae": 112,
        "wmape": 58.333333333333336,
        "mape": 58.333333333333336,
        "bias": -58.333333333333336
      }
    },
    {
      "clientId": 5490,
      "clientName": "BIOCOOP SA COOP, BIOCOOP SA COOP, Adresse de facturation",
      "orderName": "S39754",
      "success": true,
      "metrics": {
        "precision": 0.38461538461538464,
        "recall": 1,
        "f1Score": 0.5555555555555556,
        "mae": 8.1,
        "wmape": 4.607508532423208,
        "mape": 13.333333333333332,
        "bias": 1.0807736063708762
      }
    },
    {
      "clientId": 8131,
      "clientName": "ILIS    SA, FRANCESCO LOZANO",
      "orderName": "S37570",
      "success": true,
      "metrics": {
        "precision": 0.625,
        "recall": 1,
        "f1Score": 0.7692307692307693,
        "mae": 147.6,
        "wmape": 72.63779527559055,
        "mape": 53.8,
        "bias": -72.63779527559055
      }
    },
    {
      "clientId": 8144,
      "clientName": "DELISALADES, Jean-Luc Durré",
      "orderName": "S39732",
      "success": true,