{
  "executionDate": "2025-12-19T08:16:52.226Z",
  "config": {
    "daysBeforePrediction": 1
  },
  "aggregateMetrics": {
    "mean": {
      "precision": 0.3923005092902496,
      "recall": 0.7049535494671242,
      "f1Score": 0.4440086575219141,
      "mae": 50.69605906913599,
      "wmape": 37.17355435588438,
      "mape": 41.83883042510282,
      "bias": -2.9891401858882944
    },
    "median": {
      "precision": 0.3870967741935484,
      "recall": 0.8,
      "f1Score": 0.5,
      "mae": 1.0909090909090908,
      "wmape": 27.84090909090909,
      "mape": 36.36363636363637,
      "bias": 0
    },
    "stdDev": {
      "precision": 0.3051204377194304,
      "recall": 0.32802819573781744,
      "f1Score": 0.29705646305829214,
      "mae": 100.01045328843443,
      "wmape": 39.64968596009228,
      "mape": 44.118660703301266,
      "bias": 50.6380500451864
    },
    "percentiles": {
      "p25": {
        "recall": 0.5,
        "wmape": 0,
        "mape": 0,
        "bias": -13.645833333333334
      },
      "p50": {
        "recall": 0.8,
        "wmape": 27.84090909090909,
        "mape": 36.36363636363637,
        "bias": 0
      },
      "p75": {
        "recall": 1,
        "wmape": 52.89256198347107,
        "mape": 56.59722222222223,
        "bias": 7.1633584618576664
      },
      "p90": {
        "recall": 1,
        "wmape": 81.31186006825939,
        "mape": 82.66666666666673,
        "bias": 29.641148325358873
      }
    }
  },
  "individualResults": [
    {
      "clientId": 30,
      "clientName": "Conserverie Et Moutarderie Belge",
      "orderName": "S40304",
      "success": true,
      "metrics": {
        "precision": 0.07692307692307693,
        "recall": 0.2857142857142857,
        "f1Score": 0.12121212121212123,
        "mae": 0,
        "wmape": 0,
        "mape": 0,
        "bias": 0
      }
    },
    {
      "clientId": 99,
      "clientName": "La Fermette Godelaine de Saint-Georges",
      "orderName": "S39917",
      "success": true,
      "metrics": {
        "precision": 0.3157894736842105,
        "recall": 0.35294117647058826,
        "f1Score": 0.33333333333333337,
        "mae": 0.16666666666666666,
        "wmape": 16.666666666666664,
        "mape": 16.666666666666668,
        "bias": 16.666666666666664
      }
    },
    {
      "clientId": 3452,
      "clientName": "DELHAIZE LE LION/DE LEEUW NV",
      "orderName": "S40188",
      "success": true,
      "metrics": {
        "precision": 0.5,
        "recall": 1,
        "f1Score": 0.6666666666666666,
        "mae": 472,
        "wmape": 80.54607508532423,
        "mape": 79.16666666666667,
        "bias": -80.54607508532423
      }
    },
    {
      "clientId": 3460,
      "clientName": "UPFRESH - HUPPA",
      "orderName": "S40212",
      "success": true,
      "metrics": {
        "precision": 0,
        "recall": 0,
        "f1Score": 0,
        "mae": 0,
        "wmape": 0,
        "mape": 0,
        "bias": 0
      }
    },
    {
      "clientId": 3547,
      "clientName": "K&F DE PAUW",
      "orderName": "S40269",
      "success": true,
      "metrics": {
        "precision": 0.0625,
        "recall": 1,
        "f1Score": 0.11764705882352941,
        "mae": 0,
        "wmape": 0,
        "mape": 0,
        "bias": 0
      }
    },
    {
      "clientId": 3576,
      "clientName": "HOUGARDY S.A.",
      "orderName": "S40331",
      "success": true,
      "metrics": {
        "precision": 0.5,
        "recall": 1,
        "f1Score": 0.6666666666666666,
        "mae": 27,
        "wmape": 16.875,
        "mape": 16.875,
        "bias": -16.875
      }
    },
    {
      "clientId": 3577,
      "clientName": "ITM ALIMENTAIRE BELGIUM",
      "orderName": "S40147",
      "success": true,
      "metrics": {
        "precision": 0.6666666666666666,
        "recall": 1,
        "f1Score": 0.8,
        "mae": 24.5,
        "wmape": 27.84090909090909,
        "mape": 28.90625,
        "bias": 27.84090909090909
      }
    },
    {
      "clientId": 3590,
      "clientName": "MAISON DESPRIET SA",
      "orderName": "S40210",
      "success": true,
      "metrics": {
        "precision": 0.625,
        "recall": 0.8333333333333334,
        "f1Score": 0.7142857142857143,
        "mae": 81,
        "wmape": 51.071878940731395,
        "mape": 42.5,
        "bias": -51.071878940731395
      }
    },
    {
      "clientId": 3755,
      "clientName": "BVBA DRINK & FOOD",
      "orderName": "S39981",
      "success": true,
      "metrics": {
        "precision": 0.75,
        "recall": 1,
        "f1Score": 0.8571428571428571,
        "mae": 0,
        "wmape": 0,
        "mape": 0,
        "bias": 0
      }
    },
    {
      "clientId": 3812,
      "clientName": "ÖKORING HANDELS GMBH",
      "orderName": "S40248",
      "success": true,
      "metrics": {
        "precision": 0.8333333333333334,
        "recall": 0.625,
        "f1Score": 0.7142857142857143,
        "mae": 4.2,
        "wmape": 26.25,
        "mape": 26.25,
        "bias": 26.25
      }
    },
    {
      "clientId": 3818,
      "clientName": "NATURKOST WEST GMBH",
      "orderName": "S40142",
      "success": true,
      "metrics": {
        "precision": 0.75,
        "recall": 0.6,
        "f1Score": 0.6666666666666665,
        "mae": 14,
        "wmape": 43.75,
        "mape": 56.94444444444445,
        "bias": -10.416666666666668
      }
    },
    {
      "clientId": 3831,
      "clientName": "DANTESSE GmbH",
      "orderName": "S39769",
      "success": true,
      "metrics": {
        "precision": 0.14285714285714285,
        "recall": 0.25,
        "f1Score": 0.18181818181818182,
        "mae": 125,
        "wmape": 100,
        "mape": 100,
        "bias": 100
      }
    },
    {
      "clientId": 3840,
      "clientName": "KORO HANDELS GmbH",
      "orderName": "S40299",
      "success": true,
      "metrics": {
        "precision": 0,
        "recall": 0,
        "f1Score": 0,
        "mae": 0,
        "wmape": 0,
        "mape": 0,
        "bias": 0
      }
    },
    {
      "clientId": 3863,
      "clientName": "C.F. GRELL NACHF. NATURKOST",
      "orderName": "S39980",
      "success": true,
      "metrics": {
        "precision": 0.5,
        "recall": 0.5,
        "f1Score": 0.5,
        "mae": 28,
        "wmape": 58.333333333333336,
        "mape": 56.25,
        "bias": -58.333333333333336
      }
    },
    {
      "clientId": 3865,
      "clientName": "REWE MARKT GMBH - WEST",
      "orderName": "S39800",
      "success": true,
      "metrics": {
        "precision": 0.25,
        "recall": 0.8,
        "f1Score": 0.38095238095238093,
        "mae": 1,
        "wmape": 28.57142857142857,
        "mape": 62.5,
        "bias": 0
      }
    },
    {
      "clientId": 3875,
      "clientName": "E.L.D. GMBH",
      "orderName": "S40277",
      "success": true,
      "metrics": {
        "precision": 1,
        "recall": 0.42857142857142855,
        "f1Score": 0.6,
        "mae": 0,
        "wmape": 0,
        "mape": 0,
        "bias": 0
      }
    },
    {
      "clientId": 5490,
      "clientName": "BIOCOOP SA COOP, BIOCOOP SA COOP, Adresse de facturation",
      "orderName": "S40296",
      "success": true,
      "metrics": {
        "precision": 0.6666666666666666,
        "recall": 1,
        "f1Score": 0.8,
        "mae": 101.85714285714286,
        "wmape": 31.230836618484446,
        "mape": 48.28242264647794,
        "bias": 11.695137976346912
      }
    },
    {
      "clientId": 8131,
      "clientName": "ILIS    SA, FRANCESCO LOZANO",
      "orderName": "S37570",
      "success": true,
      "metrics": {
        "precision": 0.7142857142857143,
        "recall": 1,
        "f1Score": 0.8333333333333333,
        "mae": 144.6,
        "wmape": 71.16141732283464,
        "mape": 46.4,
        "bias": -71.16141732283464
      }
    },
    {
      "clientId": 8144,
      "clientName": "DELISALADES, Jean-Luc Durré",
      "orderName": "S40071",
      "success": true,