{
  "executionDate": "2025-12-19T08:16:52.186Z",
  "config": {
    "daysBeforePrediction": 1
  },
  "aggregateMetrics": {
    "mean": {
      "precision": 0.40525503063058,
      "recall": 0.8255094723788009,
      "f1Score": 0.4894701534748277,
      "mae": 52.03016588674483,
      "wmape": 38.15180578630238,
      "mape": 42.939852278394994,
      "bias": -3.06780176972746
    },
    "median": {
      "precision": 0.4050868486352357,
      "recall": 1,
      "f1Score": 0.57002457002457,
      "mae": 1.5454545454545454,
      "wmape": 28.20616883116883,
      "mape": 39.43181818181819,
      "bias": 0
    },
    "stdDev": {
      "precision": 0.30169705542713043,
      "recall": 0.27716491695479806,
      "f1Score": 0.307528634700617,
      "mae": 100.97469922137549,
      "wmape": 39.70071192734701,
      "mape": 44.163344967086935,
      "bias": 51.29766135359312
    },
    "percentiles": {
      "p25": {
        "recall": 0.75,
        "wmape": 3.289473684210526,
        "mape": 3.6858974358974352,
        "bias": -15.260416666666668
      },
      "p50": {
        "recall": 1,
        "wmape": 28.20616883116883,
        "mape": 39.43181818181819,
        "bias": 0
      },
      "p75": {
        "recall": 1,
        "wmape": 53.71900826446281,
        "mape": 56.770833333333336,
        "bias": 9.429248219102288
      },
      "p90": {
        "recall": 1,
        "wmape": 81.69475255972698,
        "mape": 84.41666666666674,
        "bias": 30.541267942583765
      }
    }
  },
  "individualResults": [
    {
      "clientId": 30,
      "clientName": "Conserverie Et Moutarderie Belge",
      "orderName": "S40304",
      "success": true,
      "metrics": {
        "precision": 0.07692307692307693,
        "recall": 0.6666666666666666,
        "f1Score": 0.13793103448275862,
        "mae": 0,
        "wmape": 0,
        "mape": 0,
        "bias": 0
      }
    },
    {
      "clientId": 99,
      "clientName": "La Fermette Godelaine de Saint-Georges",
      "orderName": "S39917",
      "success": true,
      "metrics": {
        "precision": 0.3157894736842105,
        "recall": 0.6,
        "f1Score": 0.41379310344827586,
        "mae": 0.16666666666666666,
        "wmape": 16.666666666666664,
        "mape": 16.666666666666668,
        "bias": 16.666666666666664
      }
    },
    {
      "clientId": 3452,
      "clientName": "DELHAIZE LE LION/DE LEEUW NV",
      "orderName": "S40188",
      "success": true,
      "metrics": {
        "precision": 0.5,
        "recall": 1,
        "f1Score": 0.6666666666666666,
        "mae": 472,
        "wmape": 80.54607508532423,
        "mape": 79.16666666666667,
        "bias": -80.54607508532423
      }
    },
    {
      "clientId": 3460,
      "clientName": "UPFRESH - HUPPA",
      "orderName": "S40212",
      "success": true,
      "metrics": {
        "precision": 0,
        "recall": 0,
        "f1Score": 0,
        "mae": 0,
        "wmape": 0,
        "mape": 0,
        "bias": 0
      }
    },
    {
      "clientId": 3547,
      "clientName": "K&F DE PAUW",
      "orderName": "S40269",
      "success": true,
      "metrics": {
        "precision": 0.0625,
        "recall": 1,
        "f1Score": 0.11764705882352941,
        "mae": 0,
        "wmape": 0,
        "mape": 0,
        "bias": 0
      }
    },
    {
      "clientId": 3576,
      "clientName": "HOUGARDY S.A.",
      "orderName": "S40331",
      "success": true,
      "metrics": {
        "precision": 0.5,
        "recall": 1,
        "f1Score": 0.6666666666666666,
        "mae": 27,
        "wmape": 16.875,
        "mape": 16.875,
        "bias": -16.875
      }
    },
    {
      "clientId": 3577,
      "clientName": "ITM ALIMENTAIRE BELGIUM",
      "orderName": "S40147",
      "success": true,
      "metrics": {
        "precision": 0.6666666666666666,
        "recall": 1,
        "f1Score": 0.8,
        "mae": 24.5,
        "wmape": 27.84090909090909,
        "mape": 28.90625,
        "bias": 27.84090909090909
      }
    },
    {
      "clientId": 3590,
      "clientName": "MAISON DESPRIET SA",
      "orderName": "S40210",
      "success": true,
      "metrics": {
        "precision": 0.625,
        "recall": 1,
        "f1Score": 0.7692307692307693,
        "mae": 81,
        "wmape": 51.071878940731395,
        "mape": 42.5,
        "bias": -51.071878940731395
      }
    },
    {
      "clientId": 3755,
      "clientName": "BVBA DRINK & FOOD",
      "orderName": "S39981",
      "success": true,
      "metrics": {
        "precision": 0.75,
        "recall": 1,
        "f1Score": 0.8571428571428571,
        "mae": 0,
        "wmape": 0,
        "mape": 0,
        "bias": 0
      }
    },
    {
      "clientId": 3812,
      "clientName": "ÖKORING HANDELS GMBH",
      "orderName": "S40248",
      "success": true,
      "metrics": {
        "precision": 0.8333333333333334,
        "recall": 0.8333333333333334,
        "f1Score": 0.8333333333333334,
        "mae": 4.2,
        "wmape": 26.25,
        "mape": 26.25,
        "bias": 26.25
      }
    },
    {
      "clientId": 3818,
      "clientName": "NATURKOST WEST GMBH",
      "orderName": "S40142",
      "success": true,
      "metrics": {
        "precision": 0.75,
        "recall": 1,
        "f1Score": 0.8571428571428571,
        "mae": 14,
        "wmape": 43.75,
        "mape": 56.94444444444445,
        "bias": -10.416666666666668
      }
    },
    {
      "clientId": 3831,
      "clientName": "DANTESSE GmbH",
      "orderName": "S39769",
      "success": true,
      "metrics": {
        "precision": 0.14285714285714285,
        "recall": 1,
        "f1Score": 0.25,
        "mae": 125,
        "wmape": 100,
        "mape": 100,
        "bias": 100
      }
    },
    {
      "clientId": 3863,
      "clientName": "C.F. GRELL NACHF. NATURKOST",
      "orderName": "S39980",
      "success": true,
      "metrics": {
        "precision": 0.5,
        "recall": 1,
        "f1Score": 0.6666666666666666,
        "mae": 28,
        "wmape": 58.333333333333336,
        "mape": 56.25,
        "bias": -58.333333333333336
      }
    },
    {
      "clientId": 3865,
      "clientName": "REWE MARKT GMBH - WEST",
      "orderName": "S39800",
      "success": true,
      "metrics": {
        "precision": 0.25,
        "recall": 0.8,
        "f1Score": 0.38095238095238093,
        "mae": 1,
        "wmape": 28.57142857142857,
        "mape": 62.5,
        "bias": 0
      }
    },
    {
      "clientId": 3875,
      "clientName": "E.L.D. GMBH",
      "orderName": "S40277",
      "success": true,
      "metrics": {
        "precision": 1,
        "recall": 0.75,
        "f1Score": 0.8571428571428571,
        "mae": 0,
        "wmape": 0,
        "mape": 0,
        "bias": 0
      }
    },
    {
      "clientId": 5490,
      "clientName": "BIOCOOP SA COOP, BIOCOOP SA COOP, Adresse de facturation",
      "orderName": "S40296",
      "success": true,
      "metrics": {
        "precision": 0.6666666666666666,
        "recall": 1,
        "f1Score": 0.8,
        "mae": 101.85714285714286,
        "wmape": 31.230836618484446,
        "mape": 48.28242264647794,
        "bias": 11.695137976346912
      }
    },
    {
      "clientId": 8131,
      "clientName": "ILIS    SA, FRANCESCO LOZANO",
      "orderName": "S37570",
      "success": true,
      "metrics": {
        "precision": 0.7142857142857143,
        "recall": 1,
        "f1Score": 0.8333333333333333,
        "mae": 144.6,
        "wmape": 71.16141732283464,
        "mape": 46.4,
        "bias": -71.16141732283464
      }
    },
    {
      "clientId": 8144,
      "clientName": "DELISALADES, Jean-Luc Durré",
      "orderName": "S40071",
      "success": true,
      "metrics": {
        "precision": 0.5,
        "recall": 1,
        "f1Score": 0.6666666666666666,
        "mae": 160,
        "wmape": 50,
        "mape": 50,
        "bias": -50
      }
    },
    {
      "clientId": 8200,
      "clientName": "BONNI, ACHAT",