{
  "executionDate": "2025-12-18T18:57:51.366Z",
  "config": {
    "daysBeforePrediction": 1
  },
  "aggregateMetrics": {
    "mean": {
      "precision": 0.4313461714907618,
      "recall": 0.7941455596060859,
      "f1Score": 0.5221812056852017,
      "mae": 25.45676805833055,
      "wmape": 35.057672845532004,
      "mape": 40.34671224201994,
      "bias": -0.3910961184276432
    },
    "median": {
      "precision": 0.4,
      "recall": 0.8333333333333334,
      "f1Score": 0.5454545454545454,
      "mae": 1.1125,
      "wmape": 30.909090909090907,
      "mape": 35,
      "bias": 0
    },
    "stdDev": {
      "precision": 0.22230022024886809,
      "recall": 0.21775792506225455,
      "f1Score": 0.21432746178402046,
      "mae": 50.36622230642565,
      "wmape": 34.737110467883966,
      "mape": 36.560282399576856,
      "bias": 39.08334446132347
    },
    "percentiles": {
      "p25": {
        "recall": 0.6527777777777778,
        "wmape": 4.476721050537206,
        "mape": 10.56547619047619,
        "bias": -22.912087912087912
      },
      "p50": {
        "recall": 0.8333333333333334,
        "wmape": 30.909090909090907,
        "mape": 35,
        "bias": 0
      },
      "p75": {
        "recall": 1,
        "wmape": 56.28571428571429,
        "mape": 59.58333333333333,
        "bias": 10.895504087193459
      },
      "p90": {
        "recall": 1,
        "wmape": 70.37795275590551,
        "mape": 75,
        "bias": 35.420168067226896
      }
    }
  },
  "individualResults": [
    {
      "clientId": 30,
      "clientName": "Conserverie Et Moutarderie Belge",
      "orderName": "S39535",
      "success": true,
      "metrics": {
        "precision": 0.4,
        "recall": 1,
        "f1Score": 0.5714285714285715,
        "mae": 0,
        "wmape": 0,
        "mape": 0,
        "bias": 0
      }
    },
    {
      "clientId": 99,
      "clientName": "La Fermette Godelaine de Saint-Georges",
      "orderName": "S39676",
      "success": true,
      "metrics": {
        "precision": 0.4,
        "recall": 0.5555555555555556,
        "f1Score": 0.46511627906976744,
        "mae": 0.7,
        "wmape": 70,
        "mape": 70,
        "bias": -30
      }
    },
    {
      "clientId": 3452,
      "clientName": "DELHAIZE LE LION/DE LEEUW NV",
      "orderName": "S39686",
      "success": true,
      "metrics": {
        "precision": 0.3333333333333333,
        "recall": 0.5,
        "f1Score": 0.4,
        "mae": 0,
        "wmape": 0,
        "mape": 0,
        "bias": 0
      }
    },
    {
      "clientId": 3460,
      "clientName": "UPFRESH - HUPPA",
      "orderName": "S39539",
      "success": true,
      "metrics": {
        "precision": 0.5,
        "recall": 1,
        "f1Score": 0.6666666666666666,
        "mae": 80,
        "wmape": 50,
        "mape": 50,
        "bias": -50
      }
    },
    {
      "clientId": 3547,
      "clientName": "K&F DE PAUW",
      "orderName": "S39711",
      "success": true,
      "metrics": {
        "precision": 0.1,
        "recall": 1,
        "f1Score": 0.18181818181818182,
        "mae": 0,
        "wmape": 0,
        "mape": 0,
        "bias": 0
      }
    },
    {
      "clientId": 3576,
      "clientName": "HOUGARDY S.A.",
      "orderName": "S39635",
      "success": true,
      "metrics": {
        "precision": 0.5,
        "recall": 1,
        "f1Score": 0.6666666666666666,
        "mae": 0,
        "wmape": 0,
        "mape": 0,
        "bias": 0
      }
    },
    {
      "clientId": 3577,
      "clientName": "ITM ALIMENTAIRE BELGIUM",
      "orderName": "S39716",
      "success": true,
      "metrics": {
        "precision": 0.6666666666666666,
        "recall": 1,
        "f1Score": 0.8,
        "mae": 88,
        "wmape": 73.33333333333333,
        "mape": 75,
        "bias": 20
      }
    },
    {
      "clientId": 3590,
      "clientName": "MAISON DESPRIET SA",
      "orderName": "S39562",
      "success": true,
      "metrics": {
        "precision": 0.5,
        "recall": 0.75,
        "f1Score": 0.6,
        "mae": 17.333333333333332,
        "wmape": 20,
        "mape": 38.888888888888886,
        "bias": 20
      }
    },
    {
      "clientId": 3755,
      "clientName": "BVBA DRINK & FOOD",
      "orderName": "S39706",
      "success": true,
      "metrics": {
        "precision": 0.5,
        "recall": 1,
        "f1Score": 0.6666666666666666,
        "mae": 1,
        "wmape": 2.4691358024691357,
        "mape": 100,
        "bias": 2.4691358024691357
      }
    },
    {
      "clientId": 3812,
      "clientName": "ÖKORING HANDELS GMBH",
      "orderName": "S39594",
      "success": true,
      "metrics": {
        "precision": 0.75,
        "recall": 0.6,
        "f1Score": 0.6666666666666665,
        "mae": 5.333333333333333,
        "wmape": 33.33333333333333,
        "mape": 33.333333333333336,
        "bias": -33.33333333333333
      }
    },
    {
      "clientId": 3818,
      "clientName": "NATURKOST WEST GMBH",
      "orderName": "S39694",
      "success": true,
      "metrics": {
        "precision": 0.5,
        "recall": 0.5,
        "f1Score": 0.5,
        "mae": 8,
        "wmape": 25,
        "mape": 25,
        "bias": -25
      }
    },
    {
      "clientId": 3831,
      "clientName": "DANTESSE GmbH",
      "orderName": "S39512",
      "success": true,
      "metrics": {
        "precision": 0.16666666666666666,
        "recall": 0.5,
        "f1Score": 0.25,
        "mae": 0,
        "wmape": 0,
        "mape": 0,
        "bias": 0
      }
    },
    {
      "clientId": 3840,
      "clientName": "KORO HANDELS GmbH",
      "orderName": "S39714",
      "success": true,
      "metrics": {
        "precision": 0.4,
        "recall": 0.5,
        "f1Score": 0.4444444444444445,
        "mae": 0,
        "wmape": 0,
        "mape": 0,
        "bias": 0
      }
    },
    {
      "clientId": 3863,
      "clientName": "C.F. GRELL NACHF. NATURKOST",
      "orderName": "S39705",
      "success": true,
      "metrics": {
        "precision": 1,
        "recall": 0.6666666666666666,
        "f1Score": 0.8,
        "mae": 8,
        "wmape": 33.33333333333333,
        "mape": 33.33333333333333,
        "bias": 0
      }
    },
    {
      "clientId": 3865,
      "clientName": "REWE MARKT GMBH - WEST",
      "orderName": "S39292",
      "success": true,
      "metrics": {
        "precision": 0.2631578947368421,
        "recall": 0.7142857142857143,
        "f1Score": 0.3846153846153846,
        "mae": 1.2,
        "wmape": 60,
        "mape": 63.33333333333333,
        "bias": 20
      }
    },
    {
      "clientId": 3875,
      "clientName": "E.L.D. GMBH",
      "orderName": "S39579",
      "success": true,
      "metrics": {
        "precision": 0.3333333333333333,
        "recall": 0.3333333333333333,
        "f1Score": 0.3333333333333333,
        "mae": 112,
        "wmape": 58.333333333333336,
        "mape": 58.333333333333336,
        "bias": -58.333333333333336
      }
    },
    {
      "clientId": 5490,
      "clientName": "BIOCOOP SA COOP, BIOCOOP SA COOP, Adresse de facturation",
      "orderName": "S39754",
      "success": true,
      "metrics": {
        "precision": 0.391304347826087,
        "recall": 0.9,
        "f1Score": 0.5454545454545454,
        "mae": 77.88888888888889,
        "wmape": 40.45008655510675,
        "mape": 57.407407407407405,
        "bias": 40.45008655510675
      }
    },
    {
      "clientId": 8131,
      "clientName": "ILIS    SA, FRANCESCO LOZANO",
      "orderName": "S37570",
      "success": true,
      "metrics": {
        "precision": 0.625,
        "recall": 1,
        "f1Score": 0.7692307692307693,
        "mae": 144.8,
        "wmape": 71.25984251968504,
        "mape": 48.4,
        "bias": -71.25984251968504
      }
    },
    {
      "clientId": 8144,
      "clientName": "DELISALADES, Jean-Luc Durré",
      "orderName": "S39732",
      "success": true,
      "metrics": {
        "precision": 0.5,