{
  "executionDate": "2025-11-19T20:03:46.757Z",
  "config": {
    "daysBeforePrediction": 0
  },
  "aggregateMetrics": {
    "mean": {
      "precision": 0.37864504556893797,
      "recall": 0.8411690596984713,
      "f1Score": 0.48290557003676843,
      "mae": 21.575498334998336,
      "wmape": 28.338929887710687,
      "mape": 33.424816080613795
    },
    "median": {
      "precision": 0.39230769230769236,
      "recall": 0.9615384615384616,
      "f1Score": 0.5,
      "mae": 1.05,
      "wmape": 25,
      "mape": 31.565656565656568
    },
    "stdDev": {
      "precision": 0.22373694486514953,
      "recall": 0.237456391760448,
      "f1Score": 0.23325225747904232,
      "mae": 41.948112158571114,
      "wmape": 31.78169868281541,
      "mape": 33.88131441646729
    },
    "percentiles": {
      "p25": {
        "recall": 0.7548076923076923,
        "wmape": 6.957206615909689,
        "mape": 11.458333333333332
      },
      "p50": {
        "recall": 0.9615384615384616,
        "wmape": 25,
        "mape": 31.565656565656568
      },
      "p75": {
        "recall": 1,
        "wmape": 39.09090909090909,
        "mape": 47.916666666666664
      },
      "p90": {
        "recall": 1,
        "wmape": 50.789473684210535,
        "mape": 58.3397435897436
      }
    }
  },
  "individualResults": [
    {
      "clientId": 13621,
      "clientName": "FOODPRINT SRL",
      "orderName": "S39729",
      "success": true,
      "metrics": {
        "precision": 0.02247191011235955,
        "recall": 0.5714285714285714,
        "f1Score": 0.04324324324324324,
        "mae": 154.25,
        "wmape": 42.0299727520436,
        "mape": 50
      }
    },
    {
      "clientId": 33598,
      "clientName": "COLRUYT FOOD RETAIL NV NEW",
      "orderName": "S39712",
      "success": true,
      "metrics": {
        "precision": 0.11764705882352941,
        "recall": 1,
        "f1Score": 0.21052631578947367,
        "mae": 0,
        "wmape": 0,
        "mape": 0
      }
    },
    {
      "clientId": 17452,
      "clientName": "HYGIENA SA",
      "orderName": "S39690",
      "success": true,
      "metrics": {
        "precision": 0.2631578947368421,
        "recall": 0.7692307692307693,
        "f1Score": 0.392156862745098,
        "mae": 90.6,
        "wmape": 21.217798594847775,
        "mape": 22.373732718894008
      }
    },
    {
      "clientId": 5490,
      "clientName": "BIOCOOP SA COOP, BIOCOOP SA COOP, Adresse de facturation",
      "orderName": "S39754",
      "success": true,
      "metrics": {
        "precision": 0.38461538461538464,
        "recall": 1,
        "f1Score": 0.5555555555555556,
        "mae": 11.8,
        "wmape": 6.71217292377702,
        "mape": 13.333333333333332
      }
    },
    {
      "clientId": 17251,
      "clientName": "CARREFOUR BELGIUM SA, CD Carrefour Kontich",
      "orderName": "S39718",
      "success": true,
      "metrics": {
        "precision": 0.6153846153846154,
        "recall": 1,
        "f1Score": 0.761904761904762,
        "mae": 12,
        "wmape": 9.6,
        "mape": 12.5
      }
    },
    {
      "clientId": 24784,
      "clientName": "FOODPRINT SRL ECHANTILLON",
      "orderName": "S39741",
      "success": true,
      "metrics": {
        "precision": 0,
        "recall": 0,
        "f1Score": 0,
        "mae": 0,
        "wmape": 0,
        "mape": 0
      }
    },
    {
      "clientId": 71903,
      "clientName": "FOODPRINT SRL - FP",
      "orderName": "S36080",
      "success": true,
      "metrics": {
        "precision": 0.11538461538461539,
        "recall": 1,
        "f1Score": 0.20689655172413793,
        "mae": 8.083333333333334,
        "wmape": 30.312499999999996,
        "mape": 47.916666666666664
      }
    },
    {
      "clientId": 3452,
      "clientName": "DELHAIZE LE LION/DE LEEUW NV",
      "orderName": "S39686",
      "success": true,
      "metrics": {
        "precision": 0.5,
        "recall": 1,
        "f1Score": 0.6666666666666666,
        "mae": 0,
        "wmape": 0,
        "mape": 0
      }
    },
    {
      "clientId": 33628,
      "clientName": "LIDL BELGIE GMBH",
      "orderName": "S39662",
      "success": true,
      "metrics": {
        "precision": 0.3333333333333333,
        "recall": 1,
        "f1Score": 0.5,
        "mae": 128,
        "wmape": 33.33333333333333,
        "mape": 33.33333333333333
      }
    },
    {
      "clientId": 30,
      "clientName": "Conserverie Et Moutarderie Belge",
      "orderName": "S39535",
      "success": true,
      "metrics": {
        "precision": 0.05714285714285714,
        "recall": 1,
        "f1Score": 0.1081081081081081,
        "mae": 0,
        "wmape": 0,
        "mape": 0
      }
    },
    {
      "clientId": 3590,
      "clientName": "MAISON DESPRIET SA",
      "orderName": "S39562",
      "success": true,
      "metrics": {
        "precision": 0.375,
        "recall": 0.75,
        "f1Score": 0.5,
        "mae": 15.666666666666666,
        "wmape": 18.076923076923077,
        "mape": 29.797979797979803
      }
    },
    {
      "clientId": 60291,
      "clientName": "DOMAINE DE RONCHINNE",
      "orderName": "S39452",
      "success": true,
      "metrics": {
        "precision": 0.3448275862068966,
        "recall": 0.9090909090909091,
        "f1Score": 0.5000000000000001,
        "mae": 1,
        "wmape": 71.42857142857143,
        "mape": 85
      }
    },
    {
      "clientId": 8200,
      "clientName": "BONNI, ACHAT",
      "orderName": "S39480",
      "success": true,
      "metrics": {
        "precision": 0.07407407407407407,
        "recall": 1,
        "f1Score": 0.13793103448275862,
        "mae": 5,
        "wmape": 25,
        "mape": 25
      }
    },
    {
      "clientId": 3577,
      "clientName": "ITM ALIMENTAIRE BELGIUM",
      "orderName": "S39716",
      "success": true,
      "metrics": {
        "precision": 0.6666666666666666,
        "recall": 1,
        "f1Score": 0.8,
        "mae": 16,
        "wmape": 13.333333333333334,
        "mape": 12.5
      }
    },
    {
      "clientId": 8144,
      "clientName": "DELISALADES, Jean-Luc Durré",
      "orderName": "S39732",
      "success": true,
      "metrics": {
        "precision": 0.5,
        "recall": 1,
        "f1Score": 0.6666666666666666,
        "mae": 0,
        "wmape": 0,
        "mape": 0
      }
    },
    {
      "clientId": 24092,
      "clientName": "CONSERVERIE ET MOUTARDERIE BELGE ECHANTILLON",
      "orderName": "S39541",
      "success": true,
      "metrics": {
        "precision": 0.05555555555555555,
        "recall": 1,
        "f1Score": 0.10526315789473684,
        "mae": 2,
        "wmape": 200,
        "mape": 200
      }
    },
    {
      "clientId": 60212,
      "clientName": "BIOK GASTUCHE",
      "orderName": "S39575",
      "success": true,
      "metrics": {
        "precision": 0.4444444444444444,
        "recall": 0.9230769230769231,
        "f1Score": 0.6,
        "mae": 0.16666666666666666,
        "wmape": 12.5,
        "mape": 11.111111111111109
      }
    },
    {
      "clientId": 17669,
      "clientName": "Epicerie Uhoda Beaufays",
      "orderName": "S39600",
      "success": true,
      "metrics": {
        "precision": 0.2894736842105263,
        "recall": 0.9166666666666666,
        "f1Score": 0.43999999999999995,
        "mae": 0.09090909090909091,
        "wmape": 7.6923076923076925,
        "mape": 4.545454545454546
      }
    },
    {
      "clientId": 3840,
      "clientName": "KORO HANDELS GmbH",
      "orderName": "S39714",
      "success": true,
      "metrics": {
        "precision": 0.4,
        "recall": 0.5,
        "f1Score": 0.4444444444444445,
        "mae": 21,
        "wmape": 2.7219701879455602,
        "mape": 48.837209302325576
      }
    },
    {
      "clientId": 17600,
      "clientName": "SDP Rungis",
      "orderName": "S39727",
      "success": true,
      "metrics": {
        "precision": 0.25,
        "recall": 0.8571428571428571,