{
  "executionDate": "2025-11-19T20:03:46.728Z",
  "config": {
    "daysBeforePrediction": 0
  },
  "aggregateMetrics": {
    "mean": {
      "precision": 0.39993464789632704,
      "recall": 0.9435493094868095,
      "f1Score": 0.5266183622811188,
      "mae": 22.69587166305917,
      "wmape": 29.509585027959503,
      "mape": 34.28399645149407
    },
    "median": {
      "precision": 0.41428571428571426,
      "recall": 1,
      "f1Score": 0.5777777777777777,
      "mae": 1.15,
      "wmape": 25,
      "mape": 31.565656565656568
    },
    "stdDev": {
      "precision": 0.21547513870969406,
      "recall": 0.10540337622909036,
      "f1Score": 0.22771539613928576,
      "mae": 42.528300046069056,
      "wmape": 31.876684153397292,
      "mape": 33.887190385231065
    },
    "percentiles": {
      "p25": {
        "recall": 0.9147727272727273,
        "wmape": 8.173076923076922,
        "mape": 12.5
      },
      "p50": {
        "recall": 1,
        "wmape": 25,
        "mape": 31.565656565656568
      },
      "p75": {
        "recall": 1,
        "wmape": 40.41666666666667,
        "mape": 48.02083333333333
      },
      "p90": {
        "recall": 1,
        "wmape": 52.36842105263162,
        "mape": 60.08333333333336
      }
    }
  },
  "individualResults": [
    {
      "clientId": 13621,
      "clientName": "FOODPRINT SRL",
      "orderName": "S39729",
      "success": true,
      "metrics": {
        "precision": 0.03007518796992481,
        "recall": 0.6666666666666666,
        "f1Score": 0.05755395683453238,
        "mae": 154.25,
        "wmape": 42.0299727520436,
        "mape": 50
      }
    },
    {
      "clientId": 33598,
      "clientName": "COLRUYT FOOD RETAIL NV NEW",
      "orderName": "S39712",
      "success": true,
      "metrics": {
        "precision": 0.125,
        "recall": 1,
        "f1Score": 0.2222222222222222,
        "mae": 0,
        "wmape": 0,
        "mape": 0
      }
    },
    {
      "clientId": 17452,
      "clientName": "HYGIENA SA",
      "orderName": "S39690",
      "success": true,
      "metrics": {
        "precision": 0.2631578947368421,
        "recall": 0.7692307692307693,
        "f1Score": 0.392156862745098,
        "mae": 90.6,
        "wmape": 21.217798594847775,
        "mape": 22.373732718894008
      }
    },
    {
      "clientId": 5490,
      "clientName": "BIOCOOP SA COOP, BIOCOOP SA COOP, Adresse de facturation",
      "orderName": "S39754",
      "success": true,
      "metrics": {
        "precision": 0.38461538461538464,
        "recall": 1,
        "f1Score": 0.5555555555555556,
        "mae": 11.8,
        "wmape": 6.71217292377702,
        "mape": 13.333333333333332
      }
    },
    {
      "clientId": 17251,
      "clientName": "CARREFOUR BELGIUM SA, CD Carrefour Kontich",
      "orderName": "S39718",
      "success": true,
      "metrics": {
        "precision": 0.6153846153846154,
        "recall": 1,
        "f1Score": 0.761904761904762,
        "mae": 12,
        "wmape": 9.6,
        "mape": 12.5
      }
    },
    {
      "clientId": 71903,
      "clientName": "FOODPRINT SRL - FP",
      "orderName": "S36080",
      "success": true,
      "metrics": {
        "precision": 0.06976744186046512,
        "recall": 1,
        "f1Score": 0.13043478260869565,
        "mae": 18.666666666666668,
        "wmape": 25,
        "mape": 16.666666666666668
      }
    },
    {
      "clientId": 3452,
      "clientName": "DELHAIZE LE LION/DE LEEUW NV",
      "orderName": "S39686",
      "success": true,
      "metrics": {
        "precision": 0.5,
        "recall": 1,
        "f1Score": 0.6666666666666666,
        "mae": 0,
        "wmape": 0,
        "mape": 0
      }
    },
    {
      "clientId": 33628,
      "clientName": "LIDL BELGIE GMBH",
      "orderName": "S39662",
      "success": true,
      "metrics": {
        "precision": 0.3333333333333333,
        "recall": 1,
        "f1Score": 0.5,
        "mae": 128,
        "wmape": 33.33333333333333,
        "mape": 33.33333333333333
      }
    },
    {
      "clientId": 30,
      "clientName": "Conserverie Et Moutarderie Belge",
      "orderName": "S39535",
      "success": true,
      "metrics": {
        "precision": 0.05714285714285714,
        "recall": 1,
        "f1Score": 0.1081081081081081,
        "mae": 0,
        "wmape": 0,
        "mape": 0
      }
    },
    {
      "clientId": 3590,
      "clientName": "MAISON DESPRIET SA",
      "orderName": "S39562",
      "success": true,
      "metrics": {
        "precision": 0.375,
        "recall": 0.75,
        "f1Score": 0.5,
        "mae": 15.666666666666666,
        "wmape": 18.076923076923077,
        "mape": 29.797979797979803
      }
    },
    {
      "clientId": 60291,
      "clientName": "DOMAINE DE RONCHINNE",
      "orderName": "S39452",
      "success": true,
      "metrics": {
        "precision": 0.3448275862068966,
        "recall": 0.9090909090909091,
        "f1Score": 0.5000000000000001,
        "mae": 1,
        "wmape": 71.42857142857143,
        "mape": 85
      }
    },
    {
      "clientId": 8200,
      "clientName": "BONNI, ACHAT",
      "orderName": "S39480",
      "success": true,
      "metrics": {
        "precision": 0.09523809523809523,
        "recall": 1,
        "f1Score": 0.17391304347826084,
        "mae": 5,
        "wmape": 25,
        "mape": 25
      }
    },
    {
      "clientId": 3577,
      "clientName": "ITM ALIMENTAIRE BELGIUM",
      "orderName": "S39716",
      "success": true,
      "metrics": {
        "precision": 0.6666666666666666,
        "recall": 1,
        "f1Score": 0.8,
        "mae": 16,
        "wmape": 13.333333333333334,
        "mape": 12.5
      }
    },
    {
      "clientId": 8144,
      "clientName": "DELISALADES, Jean-Luc Durré",
      "orderName": "S39732",
      "success": true,
      "metrics": {
        "precision": 0.5,
        "recall": 1,
        "f1Score": 0.6666666666666666,
        "mae": 0,
        "wmape": 0,
        "mape": 0
      }
    },
    {
      "clientId": 24092,
      "clientName": "CONSERVERIE ET MOUTARDERIE BELGE ECHANTILLON",
      "orderName": "S39541",
      "success": true,
      "metrics": {
        "precision": 0.09090909090909091,
        "recall": 1,
        "f1Score": 0.16666666666666669,
        "mae": 2,
        "wmape": 200,
        "mape": 200
      }
    },
    {
      "clientId": 60212,
      "clientName": "BIOK GASTUCHE",
      "orderName": "S39575",
      "success": true,
      "metrics": {
        "precision": 0.4444444444444444,
        "recall": 0.9230769230769231,
        "f1Score": 0.6,
        "mae": 0.16666666666666666,
        "wmape": 12.5,
        "mape": 11.111111111111109
      }
    },
    {
      "clientId": 17669,
      "clientName": "Epicerie Uhoda Beaufays",
      "orderName": "S39600",
      "success": true,
      "metrics": {
        "precision": 0.2972972972972973,
        "recall": 0.9166666666666666,
        "f1Score": 0.4489795918367347,
        "mae": 0.09090909090909091,
        "wmape": 7.6923076923076925,
        "mape": 4.545454545454546
      }
    },
    {
      "clientId": 3840,
      "clientName": "KORO HANDELS GmbH",
      "orderName": "S39714",
      "success": true,
      "metrics": {
        "precision": 0.4,
        "recall": 0.5,
        "f1Score": 0.4444444444444445,
        "mae": 21,
        "wmape": 2.7219701879455602,
        "mape": 48.837209302325576
      }
    },
    {
      "clientId": 17600,
      "clientName": "SDP Rungis",
      "orderName": "S39727",
      "success": true,
      "metrics": {
        "precision": 0.25,
        "recall": 0.8571428571428571,
        "f1Score": 0.3870967741935483,
        "mae": 109.33333333333333,
        "wmape": 34.0956340956341,
        "mape": 41.666666666666664
      }
    },
    {
      "clientId": 8131,
      "clientName": "ILIS    SA, FRANCESCO LOZANO",
      "orderName": "S37570",
      "success": true,
      "metrics": {
        "precision": 0.625,
        "recall": 1,