{
  "executionDate": "2025-12-18T21:36:16.162Z",
  "config": {
    "daysBeforePrediction": 1
  },
  "aggregateMetrics": {
    "mean": {
      "precision": 0.46453981054442856,
      "recall": 0.6282528276896236,
      "f1Score": 0.4698625130483094,
      "mae": 44.05682504465358,
      "wmape": 37.31462079803189,
      "mape": 40.12174065909985,
      "bias": -3.072019732383403
    },
    "median": {
      "precision": 0.5,
      "recall": 0.6923076923076923,
      "f1Score": 0.5,
      "mae": 0.6,
      "wmape": 25,
      "mape": 28.571428571428573,
      "bias": 0
    },
    "stdDev": {
      "precision": 0.3069059835721022,
      "recall": 0.3400450250187544,
      "f1Score": 0.27810277485012447,
      "mae": 102.73300989762886,
      "wmape": 39.93661489108685,
      "mape": 44.44610882861034,
      "bias": 50.008981220865934
    },
    "percentiles": {
      "p25": {
        "recall": 0.3431372549019608,
        "wmape": 4.545454545454546,
        "mape": 4.166666666666666,
        "bias": -21.323529411764707
      },
      "p50": {
        "recall": 0.6923076923076923,
        "wmape": 25,
        "mape": 28.571428571428573,
        "bias": 0
      },
      "p75": {
        "recall": 1,
        "wmape": 58.125,
        "mape": 61.80555555555556,
        "bias": 8.055555555555555
      },
      "p90": {
        "recall": 1,
        "wmape": 83.33333333333334,
        "mape": 83.17460317460319,
        "bias": 34.54545454545454
      }
    }
  },
  "individualResults": [
    {
      "clientId": 13621,
      "clientName": "FOODPRINT SRL",
      "orderName": "S40361",
      "success": true,
      "metrics": {
        "precision": 0.010752688172043012,
        "recall": 1,
        "f1Score": 0.021276595744680854,
        "mae": 25,
        "wmape": 83.33333333333334,
        "mape": 83.33333333333334,
        "bias": -83.33333333333334
      }
    },
    {
      "clientId": 17251,
      "clientName": "CARREFOUR BELGIUM SA, CD Carrefour Kontich",
      "orderName": "S40239",
      "success": true,
      "metrics": {
        "precision": 0.08333333333333333,
        "recall": 1,
        "f1Score": 0.15384615384615385,
        "mae": 0,
        "wmape": 0,
        "mape": 0,
        "bias": 0
      }
    },
    {
      "clientId": 17452,
      "clientName": "HYGIENA SA",
      "orderName": "S40284",
      "success": true,
      "metrics": {
        "precision": 0,
        "recall": 0,
        "f1Score": 0,
        "mae": 0,
        "wmape": 0,
        "mape": 0,
        "bias": 0
      }
    },
    {
      "clientId": 17587,
      "clientName": "Epicerie Uhoda Vennes",
      "orderName": "S40247",
      "success": true,
      "metrics": {
        "precision": 0.9444444444444444,
        "recall": 0.5666666666666667,
        "f1Score": 0.7083333333333334,
        "mae": 0.29411764705882354,
        "wmape": 17.24137931034483,
        "mape": 20.58823529411765,
        "bias": -3.4482758620689653
      }
    },
    {
      "clientId": 17600,
      "clientName": "SDP Rungis",
      "orderName": "S40258",
      "success": true,
      "metrics": {
        "precision": 0.17647058823529413,
        "recall": 0.75,
        "f1Score": 0.2857142857142857,
        "mae": 0,
        "wmape": 0,
        "mape": 0,
        "bias": 0
      }
    },
    {
      "clientId": 17669,
      "clientName": "Epicerie Uhoda Beaufays",
      "orderName": "S39953",
      "success": true,
      "metrics": {
        "precision": 0.4583333333333333,
        "recall": 0.8461538461538461,
        "f1Score": 0.5945945945945945,
        "mae": 0.18181818181818182,
        "wmape": 13.333333333333334,
        "mape": 13.636363636363637,
        "bias": 0
      }
    },
    {
      "clientId": 17809,
      "clientName": "AU RAYON BIO",
      "orderName": "S40144",
      "success": true,
      "metrics": {
        "precision": 0.5882352941176471,
        "recall": 1,
        "f1Score": 0.7407407407407407,
        "mae": 0.3,
        "wmape": 13.636363636363635,
        "mape": 18.333333333333332,
        "bias": -4.545454545454546
      }
    },
    {
      "clientId": 23614,
      "clientName": "Alnatura Produktions- und Handels GmbH, Invoice Address",
      "orderName": "S39976",
      "success": true,
      "metrics": {
        "precision": 0.16666666666666666,
        "recall": 1,
        "f1Score": 0.2857142857142857,
        "mae": 300,
        "wmape": 50,
        "mape": 50,
        "bias": -50
      }
    },
    {
      "clientId": 24092,
      "clientName": "CONSERVERIE ET MOUTARDERIE BELGE ECHANTILLON",
      "orderName": "S39541",
      "success": true,
      "metrics": {
        "precision": 0.14285714285714285,
        "recall": 1,
        "f1Score": 0.25,
        "mae": 2,
        "wmape": 200,
        "mape": 200,
        "bias": 200
      }
    },
    {
      "clientId": 24304,
      "clientName": "Ferme A l'arbre",
      "orderName": "S40066",
      "success": true,
      "metrics": {
        "precision": 0.4,
        "recall": 0.7692307692307693,
        "f1Score": 0.5263157894736842,
        "mae": 0.5,
        "wmape": 29.411764705882355,
        "mape": 23.333333333333332,
        "bias": -17.647058823529413
      }
    },
    {
      "clientId": 30,
      "clientName": "Conserverie Et Moutarderie Belge",
      "orderName": "S40304",
      "success": true,
      "metrics": {
        "precision": 0.1,
        "recall": 0.2857142857142857,
        "f1Score": 0.14814814814814817,
        "mae": 0,
        "wmape": 0,
        "mape": 0,
        "bias": 0
      }
    },
    {
      "clientId": 33598,
      "clientName": "COLRUYT FOOD RETAIL NV NEW",
      "orderName": "S40243",
      "success": true,
      "metrics": {
        "precision": 0.15789473684210525,
        "recall": 0.75,
        "f1Score": 0.2608695652173913,
        "mae": 0,
        "wmape": 0,
        "mape": 0,
        "bias": 0
      }
    },
    {
      "clientId": 33628,
      "clientName": "LIDL BELGIE GMBH",
      "orderName": "S40152",
      "success": true,
      "metrics": {
        "precision": 0.6666666666666666,
        "recall": 1,
        "f1Score": 0.8,
        "mae": 432,
        "wmape": 112.5,
        "mape": 192.85714285714286,
        "bias": -37.5
      }
    },
    {
      "clientId": 3452,
      "clientName": "DELHAIZE LE LION/DE LEEUW NV",
      "orderName": "S40188",
      "success": true,
      "metrics": {
        "precision": 0.5,
        "recall": 1,
        "f1Score": 0.6666666666666666,
        "mae": 472,
        "wmape": 80.54607508532423,
        "mape": 79.16666666666667,
        "bias": -80.54607508532423
      }
    },
    {
      "clientId": 34558,
      "clientName": "Oufticoop SC",
      "orderName": "S40119",
      "success": true,
      "metrics": {
        "precision": 0.8181818181818182,
        "recall": 0.6,
        "f1Score": 0.6923076923076923,
        "mae": 1.1111111111111112,
        "wmape": 52.63157894736842,
        "mape": 72.22222222222223,
        "bias": 21.052631578947366
      }
    },
    {
      "clientId": 3460,
      "clientName": "UPFRESH - HUPPA",
      "orderName": "S40212",
      "success": true,
      "metrics": {
        "precision": 0.5,
        "recall": 1,
        "f1Score": 0.6666666666666666,
        "mae": 80,
        "wmape": 100,
        "mape": 100,
        "bias": 100
      }
    },
    {
      "clientId": 3547,
      "clientName": "K&F DE PAUW",
      "orderName": "S40269",
      "success": true,
      "metrics": {
        "precision": 0,
        "recall": 0,
        "f1Score": 0,
        "mae": 0,
        "wmape": 0,
        "mape": 0,
        "bias": 0
      }
    },
    {
      "clientId": 3576,
      "clientName": "HOUGARDY S.A.",
      "orderName": "S40331",
      "success": true,
      "metrics": {
        "precision": 1,
        "recall": 1,
        "f1Score": 1,
        "mae": 0,
        "wmape": 0,
        "mape": 0,
        "bias": 0
      }
    },
    {
      "clientId": 3577,