{
  "executionDate": "2025-11-19T15:57:39.465Z",
  "config": {
    "daysBeforePrediction": 0
  },
  "aggregateMetrics": {
    "mean": {
      "precision": 0.5491803278688524,
      "recall": 1,
      "f1Score": 0.6412698412698413,
      "mae": 1.8518518518518519,
      "mape": 36.111111111111114
    },
    "median": {
      "precision": 0.5,
      "recall": 1,
      "f1Score": 0.6666666666666666,
      "mae": 1,
      "mape": 50
    },
    "stdDev": {
      "precision": 0.3497481209333223,
      "recall": 0,
      "f1Score": 0.30380139645130777,
      "mae": 1.9549101067254289,
      "mape": 25.760051376376953
    },
    "percentiles": {
      "p25": {
        "recall": 1,
        "mape": 25
      },
      "p50": {
        "recall": 1,
        "mape": 50
      },
      "p75": {
        "recall": 1,
        "mape": 54.16666666666667
      },
      "p90": {
        "recall": 1,
        "mape": 56.66666666666667
      }
    }
  },
  "individualResults": [
    {
      "clientId": 71903,
      "clientName": "FOODPRINT SRL - FP",
      "orderName": "S36080",
      "success": true,
      "metrics": {
        "precision": 0.14754098360655737,
        "recall": 1,
        "f1Score": 0.2571428571428572,
        "mae": 4.555555555555555,
        "mape": 58.333333333333336
      }
    },
    {
      "clientId": 99,
      "clientName": "La Fermette Godelaine de Saint-Georges",
      "orderName": "S39676",
      "success": true,
      "metrics": {
        "precision": 0.5,
        "recall": 1,
        "f1Score": 0.6666666666666666,
        "mae": 0,
        "mape": 0
      }
    },
    {
      "clientId": 17809,
      "clientName": "AU RAYON BIO",
      "orderName": "S39577",
      "success": true,
      "metrics": {
        "precision": 1,
        "recall": 1,
        "f1Score": 1,
        "mae": 1,
        "mape": 50
      }
    }
  ]
}