{
  "executionDate": "2025-12-19T09:04:19.943Z",
  "config": {
    "daysBeforePrediction": 1
  },
  "aggregateMetrics": {
    "mean": {
      "precision": 0.55,
      "recall": 1,
      "f1Score": 0.7083333333333333,
      "mae": 2.5,
      "wmape": 187.5,
      "mape": 216.66666666666666,
      "bias": 187.5
    },
    "median": {
      "precision": 0.55,
      "recall": 1,
      "f1Score": 0.7083333333333333,
      "mae": 2.5,
      "wmape": 187.5,
      "mape": 216.66666666666666,
      "bias": 187.5
    },
    "stdDev": {
      "precision": 0.04999999999999999,
      "recall": 0,
      "f1Score": 0.04166666666666663,
      "mae": 2.5,
      "wmape": 187.5,
      "mape": 216.66666666666666,
      "bias": 187.5
    },
    "percentiles": {
      "p25": {
        "recall": 1,
        "wmape": 93.75,
        "mape": 108.33333333333333,
        "bias": 93.75
      },
      "p50": {
        "recall": 1,
        "wmape": 187.5,
        "mape": 216.66666666666666,
        "bias": 187.5
      },
      "p75": {
        "recall": 1,
        "wmape": 281.25,
        "mape": 325,
        "bias": 281.25
      },
      "p90": {
        "recall": 1,
        "wmape": 337.5,
        "mape": 390,
        "bias": 337.5
      }
    }
  },
  "individualResults": [
    {
      "clientId": 99,
      "clientName": "La Fermette Godelaine de Saint-Georges",
      "orderName": "S39917",
      "success": true,
      "metrics": {
        "precision": 0.5,
        "recall": 1,
        "f1Score": 0.6666666666666666,
        "mae": 0,
        "wmape": 0,
        "mape": 0,
        "bias": 0
      }
    },
    {
      "clientId": 8200,
      "clientName": "BONNI, ACHAT",
      "orderName": "S40213",
      "success": true,
      "metrics": {
        "precision": 0.6,
        "recall": 1,
        "f1Score": 0.7499999999999999,
        "mae": 5,
        "wmape": 375,
        "mape": 433.3333333333333,
        "bias": 375
      }
    }
  ]
}