{
  "executionDate": "2025-12-19T09:04:19.945Z",
  "config": {
    "daysBeforePrediction": 1
  },
  "aggregateMetrics": {
    "mean": {
      "precision": 0.3729818121436621,
      "recall": 0.8335279521237774,
      "f1Score": 0.4555597711383107,
      "mae": 39.83099125568537,
      "wmape": 52.053772465227425,
      "mape": 59.24086217206351,
      "bias": 27.0442434939609
    },
    "median": {
      "precision": 0.47619047619047616,
      "recall": 1,
      "f1Score": 0.5238095238095238,
      "mae": 2.6666666666666665,
      "wmape": 31.25,
      "mape": 46.4,
      "bias": 2.083333333333333
    },
    "stdDev": {
      "precision": 0.26699851875595004,
      "recall": 0.2569609295159852,
      "f1Score": 0.2727866161211287,
      "mae": 74.52860108074704,
      "wmape": 67.86434500299053,
      "mape": 85.48604662280188,
      "bias": 80.04639814000959
    },
    "percentiles": {
      "p25": {
        "recall": 0.6985294117647058,
        "wmape": 15.151515151515149,
        "mape": 17.5,
        "bias": 0
      },
      "p50": {
        "recall": 1,
        "wmape": 31.25,
        "mape": 46.4,
        "bias": 2.083333333333333
      },
      "p75": {
        "recall": 1,
        "wmape": 54.21241322321164,
        "mape": 56.25,
        "bias": 31.81818181818182
      },
      "p90": {
        "recall": 1,
        "wmape": 100,
        "mape": 100,
        "bias": 100
      }
    }
  },
  "individualResults": [
    {
      "clientId": 30,
      "clientName": "Conserverie Et Moutarderie Belge",
      "orderName": "S40304",
      "success": true,
      "metrics": {
        "precision": 0.08333333333333333,
        "recall": 0.42857142857142855,
        "f1Score": 0.13953488372093023,
        "mae": 2,
        "wmape": 200,
        "mape": 200,
        "bias": 200
      }
    },
    {
      "clientId": 99,
      "clientName": "La Fermette Godelaine de Saint-Georges",
      "orderName": "S39917",
      "success": true,
      "metrics": {
        "precision": 0.22,
        "recall": 0.6470588235294118,
        "f1Score": 0.3283582089552239,
        "mae": 0.2727272727272727,
        "wmape": 27.27272727272727,
        "mape": 27.272727272727273,
        "bias": 27.27272727272727
      }
    },
    {
      "clientId": 3452,
      "clientName": "DELHAIZE LE LION/DE LEEUW NV",
      "orderName": "S40188",
      "success": true,
      "metrics": {
        "precision": 0.5,
        "recall": 1,
        "f1Score": 0.6666666666666666,
        "mae": 342,
        "wmape": 58.36177474402731,
        "mape": 62.5,
        "bias": -58.36177474402731
      }
    },
    {
      "clientId": 3460,
      "clientName": "UPFRESH - HUPPA",
      "orderName": "S40212",
      "success": true,
      "metrics": {
        "precision": 0.5,
        "recall": 1,
        "f1Score": 0.6666666666666666,
        "mae": 80,
        "wmape": 100,
        "mape": 100,
        "bias": 100
      }
    },
    {
      "clientId": 3547,
      "clientName": "K&F DE PAUW",
      "orderName": "S40269",
      "success": true,
      "metrics": {
        "precision": 0.05,
        "recall": 1,
        "f1Score": 0.09523809523809523,
        "mae": 0,
        "wmape": 0,
        "mape": 0,
        "bias": 0
      }
    },
    {
      "clientId": 3576,
      "clientName": "HOUGARDY S.A.",
      "orderName": "S40331",
      "success": true,
      "metrics": {
        "precision": 0.5,
        "recall": 1,
        "f1Score": 0.6666666666666666,
        "mae": 0,
        "wmape": 0,
        "mape": 0,
        "bias": 0
      }
    },
    {
      "clientId": 3577,
      "clientName": "ITM ALIMENTAIRE BELGIUM",
      "orderName": "S40147",
      "success": true,
      "metrics": {
        "precision": 0.6666666666666666,
        "recall": 1,
        "f1Score": 0.8,
        "mae": 32,
        "wmape": 36.36363636363637,
        "mape": 50,
        "bias": 36.36363636363637
      }
    },
    {
      "clientId": 3590,
      "clientName": "MAISON DESPRIET SA",
      "orderName": "S40210",
      "success": true,
      "metrics": {
        "precision": 0.5,
        "recall": 0.8333333333333334,
        "f1Score": 0.625,
        "mae": 79.4,
        "wmape": 50.06305170239597,
        "mape": 34.5,
        "bias": -50.06305170239597
      }
    },
    {
      "clientId": 3755,
      "clientName": "BVBA DRINK & FOOD",
      "orderName": "S39981",
      "success": true,
      "metrics": {
        "precision": 0.6,
        "recall": 1,
        "f1Score": 0.7499999999999999,
        "mae": 0,
        "wmape": 0,
        "mape": 0,
        "bias": 0
      }
    },
    {
      "clientId": 3812,
      "clientName": "ÖKORING HANDELS GMBH",
      "orderName": "S40248",
      "success": true,
      "metrics": {
        "precision": 0.6666666666666666,
        "recall": 0.75,
        "f1Score": 0.7058823529411765,
        "mae": 2.6666666666666665,
        "wmape": 16.666666666666664,
        "mape": 16.666666666666668,
        "bias": 16.666666666666664
      }
    },
    {
      "clientId": 3818,
      "clientName": "NATURKOST WEST GMBH",
      "orderName": "S40142",
      "success": true,
      "metrics": {
        "precision": 0.75,
        "recall": 0.6,
        "f1Score": 0.6666666666666665,
        "mae": 10.666666666666666,
        "wmape": 33.33333333333333,
        "mape": 50,
        "bias": 0
      }
    },
    {
      "clientId": 3831,
      "clientName": "DANTESSE GmbH",
      "orderName": "S39769",
      "success": true,
      "metrics": {
        "precision": 0.07692307692307693,
        "recall": 0.25,
        "f1Score": 0.11764705882352941,
        "mae": 125,
        "wmape": 100,
        "mape": 100,
        "bias": 100
      }
    },
    {
      "clientId": 3840,
      "clientName": "KORO HANDELS GmbH",
      "orderName": "S40299",
      "success": true,
      "metrics": {
        "precision": 0,
        "recall": 0,
        "f1Score": 0,
        "mae": 0,
        "wmape": 0,
        "mape": 0,
        "bias": 0
      }
    },
    {
      "clientId": 3863,
      "clientName": "C.F. GRELL NACHF. NATURKOST",
      "orderName": "S39980",
      "success": true,
      "metrics": {
        "precision": 0.5,
        "recall": 0.5,
        "f1Score": 0.5,
        "mae": 24,
        "wmape": 50,
        "mape": 50,
        "bias": -50
      }
    },
    {
      "clientId": 3865,
      "clientName": "REWE MARKT GMBH - WEST",
      "orderName": "S39800",
      "success": true,
      "metrics": {
        "precision": 0.17857142857142858,
        "recall": 1,
        "f1Score": 0.30303030303030304,
        "mae": 1,
        "wmape": 31.25,
        "mape": 50,
        "bias": 6.25
      }
    },
    {
      "clientId": 3875,
      "clientName": "E.L.D. GMBH",
      "orderName": "S40277",
      "success": true,
      "metrics": {
        "precision": 1,
        "recall": 0.5714285714285714,
        "f1Score": 0.7272727272727273,
        "mae": 17,
        "wmape": 25,
        "mape": 31.25,
        "bias": 13.23529411764706
      }
    },
    {
      "clientId": 5490,
      "clientName": "BIOCOOP SA COOP, BIOCOOP SA COOP, Adresse de facturation",
      "orderName": "S40296",
      "success": true,
      "metrics": {
        "precision": 0.5384615384615384,
        "recall": 1,
        "f1Score": 0.7000000000000001,
        "mae": 163.21428571428572,
        "wmape": 50.04380201489268,
        "mape": 69.28571428571429,
        "bias": 50.04380201489268
      }
    },
    {
      "clientId": 8131,
      "clientName": "ILIS    SA, FRANCESCO LOZANO",
      "orderName": "S37570",
      "success": true,
      "metrics": {
        "precision": 0.625,
        "recall": 1,
        "f1Score": 0.7692307692307693,
        "mae": 144.6,
        "wmape": 71.16141732283464,
        "mape": 46.4,
        "bias": -71.16141732283464
      }
    },
    {
      "clientId": 8144,
      "clientName": "DELISALADES, Jean-Luc Durré",
      "orderName": "S40071",
      "success": true,