{
  "executionDate": "2025-12-19T09:04:19.911Z",
  "config": {
    "daysBeforePrediction": 1
  },
  "aggregateMetrics": {
    "mean": {
      "precision": 0.3855966848511126,
      "recall": 1,
      "f1Score": 0.5016277974258015,
      "mae": 41.18182227733952,
      "wmape": 52.62439604956617,
      "mape": 61.67683703907842,
      "bias": 26.781216112590766
    },
    "median": {
      "precision": 0.4880952380952381,
      "recall": 1,
      "f1Score": 0.6559139784946236,
      "mae": 4.333333333333333,
      "wmape": 32.291666666666664,
      "mape": 46.57995337995338,
      "bias": 3.3143939393939394
    },
    "stdDev": {
      "precision": 0.26529083955686034,
      "recall": 0,
      "f1Score": 0.2906998917358148,
      "mae": 75.38818841718185,
      "wmape": 63.76591747208809,
      "mape": 87.8204404819668,
      "bias": 77.04518097843109
    },
    "percentiles": {
      "p25": {
        "recall": 1,
        "wmape": 16.91176470588235,
        "mape": 18.75,
        "bias": 0
      },
      "p50": {
        "recall": 1,
        "wmape": 32.291666666666664,
        "mape": 46.57995337995338,
        "bias": 3.3143939393939394
      },
      "p75": {
        "recall": 1,
        "wmape": 56.28709398361947,
        "mape": 59.375,
        "bias": 34.77272727272727
      },
      "p90": {
        "recall": 1,
        "wmape": 110.00000000000014,
        "mape": 110.00000000000014,
        "bias": 110.00000000000014
      }
    }
  },
  "individualResults": [
    {
      "clientId": 30,
      "clientName": "Conserverie Et Moutarderie Belge",
      "orderName": "S40304",
      "success": true,
      "metrics": {
        "precision": 0.08333333333333333,
        "recall": 1,
        "f1Score": 0.15384615384615385,
        "mae": 2,
        "wmape": 200,
        "mape": 200,
        "bias": 200
      }
    },
    {
      "clientId": 99,
      "clientName": "La Fermette Godelaine de Saint-Georges",
      "orderName": "S39917",
      "success": true,
      "metrics": {
        "precision": 0.20833333333333334,
        "recall": 1,
        "f1Score": 0.3448275862068966,
        "mae": 0.3,
        "wmape": 30,
        "mape": 30,
        "bias": 30
      }
    },
    {
      "clientId": 3452,
      "clientName": "DELHAIZE LE LION/DE LEEUW NV",
      "orderName": "S40188",
      "success": true,
      "metrics": {
        "precision": 0.5,
        "recall": 1,
        "f1Score": 0.6666666666666666,
        "mae": 342,
        "wmape": 58.36177474402731,
        "mape": 62.5,
        "bias": -58.36177474402731
      }
    },
    {
      "clientId": 3460,
      "clientName": "UPFRESH - HUPPA",
      "orderName": "S40212",
      "success": true,
      "metrics": {
        "precision": 0.5,
        "recall": 1,
        "f1Score": 0.6666666666666666,
        "mae": 80,
        "wmape": 100,
        "mape": 100,
        "bias": 100
      }
    },
    {
      "clientId": 3547,
      "clientName": "K&F DE PAUW",
      "orderName": "S40269",
      "success": true,
      "metrics": {
        "precision": 0.05,
        "recall": 1,
        "f1Score": 0.09523809523809523,
        "mae": 0,
        "wmape": 0,
        "mape": 0,
        "bias": 0
      }
    },
    {
      "clientId": 3576,
      "clientName": "HOUGARDY S.A.",
      "orderName": "S40331",
      "success": true,
      "metrics": {
        "precision": 0.5,
        "recall": 1,
        "f1Score": 0.6666666666666666,
        "mae": 0,
        "wmape": 0,
        "mape": 0,
        "bias": 0
      }
    },
    {
      "clientId": 3577,
      "clientName": "ITM ALIMENTAIRE BELGIUM",
      "orderName": "S40147",
      "success": true,
      "metrics": {
        "precision": 0.6666666666666666,
        "recall": 1,
        "f1Score": 0.8,
        "mae": 32,
        "wmape": 36.36363636363637,
        "mape": 50,
        "bias": 36.36363636363637
      }
    },
    {
      "clientId": 3590,
      "clientName": "MAISON DESPRIET SA",
      "orderName": "S40210",
      "success": true,
      "metrics": {
        "precision": 0.5,
        "recall": 1,
        "f1Score": 0.6666666666666666,
        "mae": 79.4,
        "wmape": 50.06305170239597,
        "mape": 34.5,
        "bias": -50.06305170239597
      }
    },
    {
      "clientId": 3755,
      "clientName": "BVBA DRINK & FOOD",
      "orderName": "S39981",
      "success": true,
      "metrics": {
        "precision": 0.6,
        "recall": 1,
        "f1Score": 0.7499999999999999,
        "mae": 0,
        "wmape": 0,
        "mape": 0,
        "bias": 0
      }
    },
    {
      "clientId": 3812,
      "clientName": "ÖKORING HANDELS GMBH",
      "orderName": "S40248",
      "success": true,
      "metrics": {
        "precision": 0.6666666666666666,
        "recall": 1,
        "f1Score": 0.8,
        "mae": 2.6666666666666665,
        "wmape": 16.666666666666664,
        "mape": 16.666666666666668,
        "bias": 16.666666666666664
      }
    },
    {
      "clientId": 3818,
      "clientName": "NATURKOST WEST GMBH",
      "orderName": "S40142",
      "success": true,
      "metrics": {
        "precision": 0.75,
        "recall": 1,
        "f1Score": 0.8571428571428571,
        "mae": 10.666666666666666,
        "wmape": 33.33333333333333,
        "mape": 50,
        "bias": 0
      }
    },
    {
      "clientId": 3831,
      "clientName": "DANTESSE GmbH",
      "orderName": "S39769",
      "success": true,
      "metrics": {
        "precision": 0.07692307692307693,
        "recall": 1,
        "f1Score": 0.14285714285714288,
        "mae": 125,
        "wmape": 100,
        "mape": 100,
        "bias": 100
      }
    },
    {
      "clientId": 3863,
      "clientName": "C.F. GRELL NACHF. NATURKOST",
      "orderName": "S39980",
      "success": true,
      "metrics": {
        "precision": 0.5,
        "recall": 1,
        "f1Score": 0.6666666666666666,
        "mae": 24,
        "wmape": 50,
        "mape": 50,
        "bias": -50
      }
    },
    {
      "clientId": 3865,
      "clientName": "REWE MARKT GMBH - WEST",
      "orderName": "S39800",
      "success": true,
      "metrics": {
        "precision": 0.17857142857142858,
        "recall": 1,
        "f1Score": 0.30303030303030304,
        "mae": 1,
        "wmape": 31.25,
        "mape": 50,
        "bias": 6.25
      }
    },
    {
      "clientId": 3875,
      "clientName": "E.L.D. GMBH",
      "orderName": "S40277",
      "success": true,
      "metrics": {
        "precision": 1,
        "recall": 1,
        "f1Score": 1,
        "mae": 17,
        "wmape": 25,
        "mape": 31.25,
        "bias": 13.23529411764706
      }
    },
    {
      "clientId": 5490,
      "clientName": "BIOCOOP SA COOP, BIOCOOP SA COOP, Adresse de facturation",
      "orderName": "S40296",
      "success": true,
      "metrics": {
        "precision": 0.5384615384615384,
        "recall": 1,
        "f1Score": 0.7000000000000001,
        "mae": 163.21428571428572,
        "wmape": 50.04380201489268,
        "mape": 69.28571428571429,
        "bias": 50.04380201489268
      }
    },
    {
      "clientId": 8131,
      "clientName": "ILIS    SA, FRANCESCO LOZANO",
      "orderName": "S37570",
      "success": true,
      "metrics": {
        "precision": 0.625,
        "recall": 1,
        "f1Score": 0.7692307692307693,
        "mae": 144.6,
        "wmape": 71.16141732283464,
        "mape": 46.4,
        "bias": -71.16141732283464
      }
    },
    {
      "clientId": 8144,
      "clientName": "DELISALADES, Jean-Luc Durré",
      "orderName": "S40071",
      "success": true,
      "metrics": {
        "precision": 0.5,
        "recall": 1,
        "f1Score": 0.6666666666666666,
        "mae": 160,
        "wmape": 50,
        "mape": 50,
        "bias": -50
      }
    },
    {
      "clientId": 8200,
      "clientName": "BONNI, ACHAT",
      "orderName": "S40213",
      "success": true,
      "metrics": {
        "precision": 0.10344827586206896,
        "recall": 1,