{
  "executionDate": "2025-12-18T11:20:14.106Z",
  "config": {
    "daysBeforePrediction": 1
  },
  "aggregateMetrics": {
    "mean": {
      "precision": 0.525618811061434,
      "recall": 0.96,
      "f1Score": 0.6338168498168497,
      "mae": 26.935555555555556,
      "wmape": 34.7689393939394,
      "mape": 35.72727272727273,
      "bias": 15.93560606060606
    },
    "median": {
      "precision": 0.5,
      "recall": 1,
      "f1Score": 0.6666666666666666,
      "mae": 0,
      "wmape": 0,
      "mape": 0,
      "bias": 0
    },
    "stdDev": {
      "precision": 0.3097858871829773,
      "recall": 0.19595917942265426,
      "f1Score": 0.2784574325135069,
      "mae": 117.38239681264595,
      "wmape": 50.465319852402835,
      "mape": 51.646303638522845,
      "bias": 58.600134646027904
    },
    "percentiles": {
      "p25": {
        "recall": 1,
        "wmape": 0,
        "mape": 0,
        "bias": 0
      },
      "p50": {
        "recall": 1,
        "wmape": 0,
        "mape": 0,
        "bias": 0
      },
      "p75": {
        "recall": 1,
        "wmape": 50,
        "mape": 58.333333333333336,
        "bias": 0
      },
      "p90": {
        "recall": 1,
        "wmape": 100,
        "mape": 100,
        "bias": 100
      }
    }
  },
  "individualResults": [
    {
      "clientId": 71903,
      "clientName": "FOODPRINT SRL - FP",
      "orderName": "S36080",
      "success": true,
      "metrics": {
        "precision": 0.14754098360655737,
        "recall": 1,
        "f1Score": 0.2571428571428572,
        "mae": 4.555555555555555,
        "wmape": 42.70833333333333,
        "mape": 58.333333333333336,
        "bias": -11.458333333333332
      }
    },
    {
      "clientId": 8200,
      "clientName": "BONNI, ACHAT",
      "orderName": "S40213",
      "success": true,
      "metrics": {
        "precision": 0.6,
        "recall": 1,
        "f1Score": 0.7499999999999999,
        "mae": 1.3333333333333333,
        "wmape": 100,
        "mape": 116.66666666666667,
        "bias": 100
      }
    },
    {
      "clientId": 99,
      "clientName": "La Fermette Godelaine de Saint-Georges",
      "orderName": "S39917",
      "success": true,
      "metrics": {
        "precision": 0.5,
        "recall": 1,
        "f1Score": 0.6666666666666666,
        "mae": 0,
        "wmape": 0,
        "mape": 0,
        "bias": 0
      }
    },
    {
      "clientId": 3868,
      "clientName": "TERRA NATURKOST HANDELS KG",
      "orderName": "S40371",
      "success": true,
      "metrics": {
        "precision": 0.5,
        "recall": 1,
        "f1Score": 0.6666666666666666,
        "mae": 50,
        "wmape": 200,
        "mape": 200,
        "bias": 200
      }
    },
    {
      "clientId": 3901,
      "clientName": "CASIMEX",
      "orderName": "S40166",
      "success": true,
      "metrics": {
        "precision": 0.5,
        "recall": 1,
        "f1Score": 0.6666666666666666,
        "mae": 600,
        "wmape": 0,
        "mape": 0,
        "bias": 0
      }
    },
    {
      "clientId": 29069,
      "clientName": "CRF HYPER MARKET EUPEN",
      "orderName": "S40333",
      "success": true,
      "metrics": {
        "precision": 1,
        "recall": 1,
        "f1Score": 1,
        "mae": 0,
        "wmape": 0,
        "mape": 0,
        "bias": 0
      }
    },
    {
      "clientId": 23826,
      "clientName": "La ferme du vieux bure",
      "orderName": "S39798",
      "success": true,
      "metrics": {
        "precision": 0.1111111111111111,
        "recall": 1,
        "f1Score": 0.19999999999999998,
        "mae": 0,
        "wmape": 0,
        "mape": 0,
        "bias": 0
      }
    },
    {
      "clientId": 57352,
      "clientName": "Energy Services Management - Epicerie Uhoda Damré",
      "orderName": "S39779",
      "success": true,
      "metrics": {
        "precision": 0.5,
        "recall": 1,
        "f1Score": 0.6666666666666666,
        "mae": 0,
        "wmape": 0,
        "mape": 0,
        "bias": 0
      }
    },
    {
      "clientId": 3585,
      "clientName": "ILIS    SA",
      "orderName": "S40179",
      "success": true,
      "metrics": {
        "precision": 1,
        "recall": 1,
        "f1Score": 1,
        "mae": 8,
        "wmape": 18.181818181818183,
        "mape": 18.181818181818183,
        "bias": 18.181818181818183
      }
    },
    {
      "clientId": 60436,
      "clientName": "LE CELLIER DU BAUDET - épicerie",
      "orderName": "S40369",
      "success": true,
      "metrics": {
        "precision": 0.2,
        "recall": 1,
        "f1Score": 0.33333333333333337,
        "mae": 1,
        "wmape": 50,
        "mape": 50,
        "bias": -50
      }
    },
    {
      "clientId": 60545,
      "clientName": "TAN",
      "orderName": "S39699",
      "success": true,
      "metrics": {
        "precision": 0.3333333333333333,
        "recall": 1,
        "f1Score": 0.5,
        "mae": 0,
        "wmape": 0,
        "mape": 0,
        "bias": 0
      }
    },
    {
      "clientId": 9952,
      "clientName": "Chaman",
      "orderName": "S40126",
      "success": true,
      "metrics": {
        "precision": 1,
        "recall": 1,
        "f1Score": 1,
        "mae": 0,
        "wmape": 0,
        "mape": 0,
        "bias": 0
      }
    },
    {
      "clientId": 38794,
      "clientName": "DLL AD CHAUDFONTAINE",
      "orderName": "S40108",
      "success": true,
      "metrics": {
        "precision": 0.5,
        "recall": 1,
        "f1Score": 0.6666666666666666,
        "mae": 0,
        "wmape": 0,
        "mape": 0,
        "bias": 0
      }
    },
    {
      "clientId": 38793,
      "clientName": "DLL AD CHASTRE BV",
      "orderName": "S39856",
      "success": true,
      "metrics": {
        "precision": 0.5,
        "recall": 1,
        "f1Score": 0.6666666666666666,
        "mae": 0,
        "wmape": 0,
        "mape": 0,
        "bias": 0
      }
    },
    {
      "clientId": 60468,
      "clientName": "LES SORBIERS",
      "orderName": "S40043",
      "success": true,
      "metrics": {
        "precision": 0.5,
        "recall": 1,
        "f1Score": 0.6666666666666666,
        "mae": 1,
        "wmape": 100,
        "mape": 100,
        "bias": 100
      }
    },
    {
      "clientId": 60287,
      "clientName": "DEPOT VRAC SILLY SPRL",
      "orderName": "S39858",
      "success": true,
      "metrics": {
        "precision": 0.16666666666666666,
        "recall": 1,
        "f1Score": 0.2857142857142857,
        "mae": 0,
        "wmape": 0,
        "mape": 0,
        "bias": 0
      }
    },
    {
      "clientId": 60411,
      "clientName": "LA FERME DU BUEAU",
      "orderName": "S39677",
      "success": true,
      "metrics": {
        "precision": 0.3,
        "recall": 1,
        "f1Score": 0.4615384615384615,
        "mae": 0,
        "wmape": 0,
        "mape": 0,
        "bias": 0
      }
    },
    {
      "clientId": 17591,
      "clientName": "croquez Local",
      "orderName": "S39916",
      "success": true,
      "metrics": {
        "precision": 0.18181818181818182,
        "recall": 1,
        "f1Score": 0.3076923076923077,
        "mae": 0.5,
        "wmape": 33.33333333333333,
        "mape": 25,
        "bias": -33.33333333333333
      }
    },
    {
      "clientId": 38803,
      "clientName": "DLL AD GERAARDSBERGEN",
      "orderName": "S39064",
      "success": true,
      "metrics": {
        "precision": 1,
        "recall": 1,
        "f1Score": 1,
        "mae": 2,
        "wmape": 100,
        "mape": 100,
        "bias": 100
      }
    },
    {
      "clientId": 58322,
      "clientName": "Lodis bv DLL AD Kessel-lo",
      "orderName": "S39436",
      "success": true,
      "metrics": {
        "precision": 1,
        "recall": 1,
        "f1Score": 1,
        "mae": 1,
        "wmape": 100,
        "mape": 100,
        "bias": 100
      }
    },
    {
      "clientId": 8626,
      "clientName": "Sweet Nature",