{
  "executionDate": "2025-12-18T08:16:48.421Z",
  "config": {
    "daysBeforePrediction": 1
  },
  "aggregateMetrics": {
    "mean": {
      "precision": 0.3781592540347901,
      "recall": 0.9753311337710315,
      "f1Score": 0.4928830868109441,
      "mae": 57.020081867245736,
      "wmape": 43.925848563050465,
      "mape": 45.120043251695904,
      "bias": -5.615982006218862
    },
    "median": {
      "precision": 0.3702107279693486,
      "recall": 1,
      "f1Score": 0.5403061224489796,
      "mae": 3.333333333333333,
      "wmape": 34.52380952380952,
      "mape": 42.18406593406593,
      "bias": -0.5952380952380952
    },
    "stdDev": {
      "precision": 0.26046067910520315,
      "recall": 0.06960567297665521,
      "f1Score": 0.27548290470793985,
      "mae": 106.87007862883877,
      "wmape": 33.12370691064629,
      "mape": 35.57249047361575,
      "bias": 49.51653505785983
    },
    "percentiles": {
      "p25": {
        "recall": 1,
        "wmape": 15.002219263204614,
        "mape": 16.666666666666668,
        "bias": -33.088235294117645
      },
      "p50": {
        "recall": 1,
        "wmape": 34.52380952380952,
        "mape": 42.18406593406593,
        "bias": -0.5952380952380952
      },
      "p75": {
        "recall": 1,
        "wmape": 67.92770071458595,
        "mape": 65.625,
        "bias": 11.11111111111111
      },
      "p90": {
        "recall": 1,
        "wmape": 100,
        "mape": 100,
        "bias": 63.63636363636358
      }
    }
  },
  "individualResults": [
    {
      "clientId": 13621,
      "clientName": "FOODPRINT SRL",
      "orderName": "S40361",
      "success": true,
      "metrics": {
        "precision": 0.00641025641025641,
        "recall": 1,
        "f1Score": 0.012738853503184714,
        "mae": 24,
        "wmape": 80,
        "mape": 80,
        "bias": -80
      }
    },
    {
      "clientId": 33598,
      "clientName": "COLRUYT FOOD RETAIL NV NEW",
      "orderName": "S40243",
      "success": true,
      "metrics": {
        "precision": 0.13793103448275862,
        "recall": 1,
        "f1Score": 0.2424242424242424,
        "mae": 0,
        "wmape": 0,
        "mape": 0,
        "bias": 0
      }
    },
    {
      "clientId": 5490,
      "clientName": "BIOCOOP SA COOP, BIOCOOP SA COOP, Adresse de facturation",
      "orderName": "S40296",
      "success": true,
      "metrics": {
        "precision": 0.5384615384615384,
        "recall": 1,
        "f1Score": 0.7000000000000001,
        "mae": 203.92857142857142,
        "wmape": 62.52737625930793,
        "mape": 41.547619047619044,
        "bias": -4.139290407358739
      }
    },
    {
      "clientId": 17452,
      "clientName": "HYGIENA SA",
      "orderName": "S40284",
      "success": true,
      "metrics": {
        "precision": 0.07317073170731707,
        "recall": 1,
        "f1Score": 0.13636363636363635,
        "mae": 4.666666666666667,
        "wmape": 10,
        "mape": 16.666666666666668,
        "bias": 10
      }
    },
    {
      "clientId": 17251,
      "clientName": "CARREFOUR BELGIUM SA, CD Carrefour Kontich",
      "orderName": "S40239",
      "success": true,
      "metrics": {
        "precision": 0.07692307692307693,
        "recall": 1,
        "f1Score": 0.14285714285714288,
        "mae": 0,
        "wmape": 0,
        "mape": 0,
        "bias": 0
      }
    },
    {
      "clientId": 24784,
      "clientName": "FOODPRINT SRL ECHANTILLON",
      "orderName": "S40301",
      "success": true,
      "metrics": {
        "precision": 0.03571428571428571,
        "recall": 1,
        "f1Score": 0.0689655172413793,
        "mae": 0,
        "wmape": 0,
        "mape": 0,
        "bias": 0
      }
    },
    {
      "clientId": 3452,
      "clientName": "DELHAIZE LE LION/DE LEEUW NV",
      "orderName": "S40188",
      "success": true,
      "metrics": {
        "precision": 0.5,
        "recall": 1,
        "f1Score": 0.6666666666666666,
        "mae": 472,
        "wmape": 80.54607508532423,
        "mape": 79.16666666666667,
        "bias": -80.54607508532423
      }
    },
    {
      "clientId": 71903,
      "clientName": "FOODPRINT SRL - FP",
      "orderName": "S36080",
      "success": true,
      "metrics": {
        "precision": 0.06976744186046512,
        "recall": 1,
        "f1Score": 0.13043478260869565,
        "mae": 18.666666666666668,
        "wmape": 25,
        "mape": 16.666666666666668,
        "bias": -25
      }
    },
    {
      "clientId": 33628,
      "clientName": "LIDL BELGIE GMBH",
      "orderName": "S40152",
      "success": true,
      "metrics": {
        "precision": 0.6666666666666666,
        "recall": 1,
        "f1Score": 0.8,
        "mae": 384,
        "wmape": 100,
        "mape": 142.85714285714286,
        "bias": -50
      }
    },
    {
      "clientId": 3590,
      "clientName": "MAISON DESPRIET SA",
      "orderName": "S40210",
      "success": true,
      "metrics": {
        "precision": 0.5555555555555556,
        "recall": 1,
        "f1Score": 0.7142857142857143,
        "mae": 108.4,
        "wmape": 68.34804539722572,
        "mape": 49.84848484848485,
        "bias": -68.34804539722572
      }
    },
    {
      "clientId": 30,
      "clientName": "Conserverie Et Moutarderie Belge",
      "orderName": "S40304",
      "success": true,
      "metrics": {
        "precision": 0.08823529411764706,
        "recall": 1,
        "f1Score": 0.1621621621621622,
        "mae": 0.6666666666666666,
        "wmape": 66.66666666666666,
        "mape": 66.66666666666667,
        "bias": 66.66666666666666
      }
    },
    {
      "clientId": 60291,
      "clientName": "DOMAINE DE RONCHINNE",
      "orderName": "S40241",
      "success": true,
      "metrics": {
        "precision": 0.6296296296296297,
        "recall": 0.7391304347826086,
        "f1Score": 0.68,
        "mae": 0.5882352941176471,
        "wmape": 35.714285714285715,
        "mape": 52.94117647058823,
        "bias": 28.57142857142857
      }
    },
    {
      "clientId": 8200,
      "clientName": "BONNI, ACHAT",
      "orderName": "S40213",
      "success": true,
      "metrics": {
        "precision": 0.13043478260869565,
        "recall": 1,
        "f1Score": 0.23076923076923078,
        "mae": 2.3333333333333335,
        "wmape": 100,
        "mape": 100,
        "bias": 100
      }
    },
    {
      "clientId": 3577,
      "clientName": "ITM ALIMENTAIRE BELGIUM",
      "orderName": "S40147",
      "success": true,
      "metrics": {
        "precision": 0.6666666666666666,
        "recall": 1,
        "f1Score": 0.8,
        "mae": 32,
        "wmape": 36.36363636363637,
        "mape": 50,
        "bias": 36.36363636363637
      }
    },
    {
      "clientId": 8144,
      "clientName": "DELISALADES, Jean-Luc Durré",
      "orderName": "S40071",
      "success": true,
      "metrics": {
        "precision": 0.5,
        "recall": 1,
        "f1Score": 0.6666666666666666,
        "mae": 160,
        "wmape": 50,
        "mape": 50,
        "bias": -50
      }
    },
    {
      "clientId": 17600,
      "clientName": "SDP Rungis",
      "orderName": "S40258",
      "success": true,
      "metrics": {
        "precision": 0.16666666666666666,
        "recall": 1,
        "f1Score": 0.2857142857142857,
        "mae": 54.25,
        "wmape": 14.447403462050598,
        "mape": 12.5,
        "bias": -14.447403462050598
      }
    },
    {
      "clientId": 60212,
      "clientName": "BIOK GASTUCHE",
      "orderName": "S40067",
      "success": true,
      "metrics": {
        "precision": 0.3225806451612903,
        "recall": 1,
        "f1Score": 0.4878048780487805,
        "mae": 0.3,
        "wmape": 25,
        "mape": 20,
        "bias": 25
      }
    },
    {
      "clientId": 24092,
      "clientName": "CONSERVERIE ET MOUTARDERIE BELGE ECHANTILLON",
      "orderName": "S39541",
      "success": true,
      "metrics": {
        "precision": 0.09090909090909091,