{
  "executionDate": "2025-12-18T08:16:48.449Z",
  "config": {
    "daysBeforePrediction": 1
  },
  "aggregateMetrics": {
    "mean": {
      "precision": 0.41584699453551915,
      "recall": 1,
      "f1Score": 0.5579365079365078,
      "mae": 1.9629629629629628,
      "wmape": 47.569444444444436,
      "mape": 58.333333333333336,
      "bias": 29.51388888888889
    },
    "median": {
      "precision": 0.5,
      "recall": 1,
      "f1Score": 0.6666666666666666,
      "mae": 1.3333333333333333,
      "wmape": 42.70833333333333,
      "mape": 58.333333333333336,
      "bias": 0
    },
    "stdDev": {
      "precision": 0.19406371226216593,
      "recall": 0,
      "f1Score": 0.21539688388250594,
      "mae": 1.912345280507494,
      "wmape": 40.96927955534428,
      "mape": 47.62896722078402,
      "bias": 50.0602453407916
    },
    "percentiles": {
      "p25": {
        "recall": 1,
        "wmape": 21.354166666666664,
        "mape": 29.166666666666668,
        "bias": -5.729166666666666
      },
      "p50": {
        "recall": 1,
        "wmape": 42.70833333333333,
        "mape": 58.333333333333336,
        "bias": 0
      },
      "p75": {
        "recall": 1,
        "wmape": 71.35416666666666,
        "mape": 87.5,
        "bias": 50
      },
      "p90": {
        "recall": 1,
        "wmape": 88.54166666666666,
        "mape": 105,
        "bias": 80
      }
    }
  },
  "individualResults": [
    {
      "clientId": 71903,
      "clientName": "FOODPRINT SRL - FP",
      "orderName": "S36080",
      "success": true,
      "metrics": {
        "precision": 0.14754098360655737,
        "recall": 1,
        "f1Score": 0.2571428571428572,
        "mae": 4.555555555555555,
        "wmape": 42.70833333333333,
        "mape": 58.333333333333336,
        "bias": -11.458333333333332
      }
    },
    {
      "clientId": 8200,
      "clientName": "BONNI, ACHAT",
      "orderName": "S40213",
      "success": true,
      "metrics": {
        "precision": 0.6,
        "recall": 1,
        "f1Score": 0.7499999999999999,
        "mae": 1.3333333333333333,
        "wmape": 100,
        "mape": 116.66666666666667,
        "bias": 100
      }
    },
    {
      "clientId": 99,
      "clientName": "La Fermette Godelaine de Saint-Georges",
      "orderName": "S39917",
      "success": true,
      "metrics": {
        "precision": 0.5,
        "recall": 1,
        "f1Score": 0.6666666666666666,
        "mae": 0,
        "wmape": 0,
        "mape": 0,
        "bias": 0
      }
    }
  ]
}