{
  "executionDate": "2025-12-18T10:36:46.148Z",
  "config": {
    "daysBeforePrediction": 1
  },
  "aggregateMetrics": {
    "mean": {
      "precision": 0.3973223550456402,
      "recall": 0.8658011038525744,
      "f1Score": 0.5071821888933628,
      "mae": 23.724267688330187,
      "wmape": 32.09176032645884,
      "mape": 36.554631651204225,
      "bias": 4.9246243227710105
    },
    "median": {
      "precision": 0.39230769230769236,
      "recall": 0.9615384615384616,
      "f1Score": 0.5,
      "mae": 1.1291666666666667,
      "wmape": 29.65909090909091,
      "mape": 33.33333333333333,
      "bias": 0.32404406999351915
    },
    "stdDev": {
      "precision": 0.2100273837863237,
      "recall": 0.17477317325744882,
      "f1Score": 0.20891845638284168,
      "mae": 42.62075101804113,
      "wmape": 27.273348702891962,
      "mape": 30.120887912323454,
      "bias": 33.34595870441944
    },
    "percentiles": {
      "p25": {
        "recall": 0.764423076923077,
        "wmape": 5.877976190476191,
        "mape": 6.502976190476191,
        "bias": -5.595238095238095
      },
      "p50": {
        "recall": 0.9615384615384616,
        "wmape": 29.65909090909091,
        "mape": 33.33333333333333,
        "bias": 0.32404406999351915
      },
      "p75": {
        "recall": 1,
        "wmape": 50,
        "mape": 54.513888888888886,
        "bias": 16.062766062766062
      },
      "p90": {
        "recall": 1,
        "wmape": 71.88188976377953,
        "mape": 79.94871794871801,
        "bias": 45.23076923076926
      }
    }
  },
  "individualResults": [
    {
      "clientId": 30,
      "clientName": "Conserverie Et Moutarderie Belge",
      "orderName": "S39535",
      "success": true,
      "metrics": {
        "precision": 0.2857142857142857,
        "recall": 1,
        "f1Score": 0.4444444444444445,
        "mae": 0,
        "wmape": 0,
        "mape": 0,
        "bias": 0
      }
    },
    {
      "clientId": 99,
      "clientName": "La Fermette Godelaine de Saint-Georges",
      "orderName": "S39676",
      "success": true,
      "metrics": {
        "precision": 0.30303030303030304,
        "recall": 0.7692307692307693,
        "f1Score": 0.43478260869565216,
        "mae": 0.2,
        "wmape": 20,
        "mape": 20,
        "bias": 20
      }
    },
    {
      "clientId": 3452,
      "clientName": "DELHAIZE LE LION/DE LEEUW NV",
      "orderName": "S39686",
      "success": true,
      "metrics": {
        "precision": 0.5,
        "recall": 1,
        "f1Score": 0.6666666666666666,
        "mae": 65,
        "wmape": 57.01754385964912,
        "mape": 50,
        "bias": 57.01754385964912
      }
    },
    {
      "clientId": 3460,
      "clientName": "UPFRESH - HUPPA",
      "orderName": "S39539",
      "success": true,
      "metrics": {
        "precision": 0.5,
        "recall": 1,
        "f1Score": 0.6666666666666666,
        "mae": 80,
        "wmape": 50,
        "mape": 50,
        "bias": -50
      }
    },
    {
      "clientId": 3547,
      "clientName": "K&F DE PAUW",
      "orderName": "S39711",
      "success": true,
      "metrics": {
        "precision": 0.09090909090909091,
        "recall": 1,
        "f1Score": 0.16666666666666669,
        "mae": 0,
        "wmape": 0,
        "mape": 0,
        "bias": 0
      }
    },
    {
      "clientId": 3576,
      "clientName": "HOUGARDY S.A.",
      "orderName": "S39635",
      "success": true,
      "metrics": {
        "precision": 0.5,
        "recall": 1,
        "f1Score": 0.6666666666666666,
        "mae": 0,
        "wmape": 0,
        "mape": 0,
        "bias": 0
      }
    },
    {
      "clientId": 3577,
      "clientName": "ITM ALIMENTAIRE BELGIUM",
      "orderName": "S39716",
      "success": true,
      "metrics": {
        "precision": 0.6666666666666666,
        "recall": 1,
        "f1Score": 0.8,
        "mae": 88,
        "wmape": 73.33333333333333,
        "mape": 75,
        "bias": 20
      }
    },
    {
      "clientId": 3590,
      "clientName": "MAISON DESPRIET SA",
      "orderName": "S39562",
      "success": true,
      "metrics": {
        "precision": 0.375,
        "recall": 0.75,
        "f1Score": 0.5,
        "mae": 44,
        "wmape": 50.76923076923077,
        "mape": 55.55555555555555,
        "bias": 50.76923076923077
      }
    },
    {
      "clientId": 3755,
      "clientName": "BVBA DRINK & FOOD",
      "orderName": "S39706",
      "success": true,
      "metrics": {
        "precision": 0.5,
        "recall": 1,
        "f1Score": 0.6666666666666666,
        "mae": 1,
        "wmape": 2.4691358024691357,
        "mape": 100,
        "bias": 2.4691358024691357
      }
    },
    {
      "clientId": 3812,
      "clientName": "ÖKORING HANDELS GMBH",
      "orderName": "S39594",
      "success": true,
      "metrics": {
        "precision": 0.6666666666666666,
        "recall": 0.75,
        "f1Score": 0.7058823529411765,
        "mae": 0,
        "wmape": 0,
        "mape": 0,
        "bias": 0
      }
    },
    {
      "clientId": 3818,
      "clientName": "NATURKOST WEST GMBH",
      "orderName": "S39694",
      "success": true,
      "metrics": {
        "precision": 0.5,
        "recall": 0.5,
        "f1Score": 0.5,
        "mae": 8,
        "wmape": 25,
        "mape": 25,
        "bias": -25
      }
    },
    {
      "clientId": 3831,
      "clientName": "DANTESSE GmbH",
      "orderName": "S39512",
      "success": true,
      "metrics": {
        "precision": 0.16666666666666666,
        "recall": 0.5,
        "f1Score": 0.25,
        "mae": 0,
        "wmape": 0,
        "mape": 0,
        "bias": 0
      }
    },
    {
      "clientId": 3840,
      "clientName": "KORO HANDELS GmbH",
      "orderName": "S39714",
      "success": true,
      "metrics": {
        "precision": 0.4,
        "recall": 0.5,
        "f1Score": 0.4444444444444445,
        "mae": 5,
        "wmape": 0.6480881399870383,
        "mape": 0.33333333333333337,
        "bias": 0.6480881399870383
      }
    },
    {
      "clientId": 3863,
      "clientName": "C.F. GRELL NACHF. NATURKOST",
      "orderName": "S39705",
      "success": true,
      "metrics": {
        "precision": 1,
        "recall": 0.6666666666666666,
        "f1Score": 0.8,
        "mae": 8,
        "wmape": 33.33333333333333,
        "mape": 33.33333333333333,
        "bias": 0
      }
    },
    {
      "clientId": 3865,
      "clientName": "REWE MARKT GMBH - WEST",
      "orderName": "S39292",
      "success": true,
      "metrics": {
        "precision": 0.20833333333333334,
        "recall": 0.8333333333333334,
        "f1Score": 0.33333333333333337,
        "mae": 1,
        "wmape": 50,
        "mape": 43.33333333333333,
        "bias": 30
      }
    },
    {
      "clientId": 3875,
      "clientName": "E.L.D. GMBH",
      "orderName": "S39579",
      "success": true,
      "metrics": {
        "precision": 0.25,
        "recall": 0.3333333333333333,
        "f1Score": 0.28571428571428575,
        "mae": 96,
        "wmape": 50,
        "mape": 50,
        "bias": -50
      }
    },
    {
      "clientId": 5490,
      "clientName": "BIOCOOP SA COOP, BIOCOOP SA COOP, Adresse de facturation",
      "orderName": "S39754",
      "success": true,
      "metrics": {
        "precision": 0.38461538461538464,
        "recall": 1,
        "f1Score": 0.5555555555555556,
        "mae": 23.6,
        "wmape": 13.42434584755404,
        "mape": 29.166666666666668,
        "bias": 9.897610921501707
      }
    },
    {
      "clientId": 8131,
      "clientName": "ILIS    SA, FRANCESCO LOZANO",
      "orderName": "S37570",
      "success": true,
      "metrics": {
        "precision": 0.625,
        "recall": 1,
        "f1Score": 0.7692307692307693,
        "mae": 144.8,
        "wmape": 71.25984251968504,
        "mape": 48.4,
        "bias": -71.25984251968504
      }
    },
    {
      "clientId": 8144,
      "clientName": "DELISALADES, Jean-Luc Durré",