{
  "executionDate": "2025-12-18T10:59:13.489Z",
  "config": {
    "daysBeforePrediction": 1
  },
  "aggregateMetrics": {
    "mean": {
      "precision": 0.3973223550456402,
      "recall": 0.8658011038525744,
      "f1Score": 0.5071821888933628,
      "mae": 20.62185366716617,
      "wmape": 30.952266509634367,
      "mape": 35.284026256268476,
      "bias": 6.548139453946846
    },
    "median": {
      "precision": 0.39230769230769236,
      "recall": 0.9615384615384616,
      "f1Score": 0.5,
      "mae": 1.0833333333333335,
      "wmape": 24.14021164021164,
      "mape": 28.804632867132867,
      "bias": 0
    },
    "stdDev": {
      "precision": 0.2100273837863237,
      "recall": 0.17477317325744882,
      "f1Score": 0.20891845638284168,
      "mae": 42.174357653143275,
      "wmape": 34.994348978022906,
      "mape": 36.90634755878862,
      "bias": 38.52411704623476
    },
    "percentiles": {
      "p25": {
        "recall": 0.764423076923077,
        "wmape": 1.9004584623508796,
        "mape": 2.670014662756598,
        "bias": -4.9603174603174605
      },
      "p50": {
        "recall": 0.9615384615384616,
        "wmape": 24.14021164021164,
        "mape": 28.804632867132867,
        "bias": 0
      },
      "p75": {
        "recall": 1,
        "wmape": 46.02564102564102,
        "mape": 54.236111111111114,
        "bias": 16.062766062766062
      },
      "p90": {
        "recall": 1,
        "wmape": 70.49606299212599,
        "mape": 70.89682539682542,
        "bias": 37.563025210084064
      }
    }
  },
  "individualResults": [
    {
      "clientId": 30,
      "clientName": "Conserverie Et Moutarderie Belge",
      "orderName": "S39535",
      "success": true,
      "metrics": {
        "precision": 0.2857142857142857,
        "recall": 1,
        "f1Score": 0.4444444444444445,
        "mae": 0,
        "wmape": 0,
        "mape": 0,
        "bias": 0
      }
    },
    {
      "clientId": 99,
      "clientName": "La Fermette Godelaine de Saint-Georges",
      "orderName": "S39676",
      "success": true,
      "metrics": {
        "precision": 0.30303030303030304,
        "recall": 0.7692307692307693,
        "f1Score": 0.43478260869565216,
        "mae": 0.2,
        "wmape": 20,
        "mape": 20,
        "bias": 20
      }
    },
    {
      "clientId": 3452,
      "clientName": "DELHAIZE LE LION/DE LEEUW NV",
      "orderName": "S39686",
      "success": true,
      "metrics": {
        "precision": 0.5,
        "recall": 1,
        "f1Score": 0.6666666666666666,
        "mae": 0,
        "wmape": 0,
        "mape": 0,
        "bias": 0
      }
    },
    {
      "clientId": 3460,
      "clientName": "UPFRESH - HUPPA",
      "orderName": "S39539",
      "success": true,
      "metrics": {
        "precision": 0.5,
        "recall": 1,
        "f1Score": 0.6666666666666666,
        "mae": 0,
        "wmape": 0,
        "mape": 0,
        "bias": 0
      }
    },
    {
      "clientId": 3547,
      "clientName": "K&F DE PAUW",
      "orderName": "S39711",
      "success": true,
      "metrics": {
        "precision": 0.09090909090909091,
        "recall": 1,
        "f1Score": 0.16666666666666669,
        "mae": 0,
        "wmape": 0,
        "mape": 0,
        "bias": 0
      }
    },
    {
      "clientId": 3576,
      "clientName": "HOUGARDY S.A.",
      "orderName": "S39635",
      "success": true,
      "metrics": {
        "precision": 0.5,
        "recall": 1,
        "f1Score": 0.6666666666666666,
        "mae": 0,
        "wmape": 0,
        "mape": 0,
        "bias": 0
      }
    },
    {
      "clientId": 3577,
      "clientName": "ITM ALIMENTAIRE BELGIUM",
      "orderName": "S39716",
      "success": true,
      "metrics": {
        "precision": 0.6666666666666666,
        "recall": 1,
        "f1Score": 0.8,
        "mae": 88,
        "wmape": 73.33333333333333,
        "mape": 75,
        "bias": 20
      }
    },
    {
      "clientId": 3590,
      "clientName": "MAISON DESPRIET SA",
      "orderName": "S39562",
      "success": true,
      "metrics": {
        "precision": 0.375,
        "recall": 0.75,
        "f1Score": 0.5,
        "mae": 44,
        "wmape": 50.76923076923077,
        "mape": 55.55555555555555,
        "bias": 50.76923076923077
      }
    },
    {
      "clientId": 3755,
      "clientName": "BVBA DRINK & FOOD",
      "orderName": "S39706",
      "success": true,
      "metrics": {
        "precision": 0.5,
        "recall": 1,
        "f1Score": 0.6666666666666666,
        "mae": 1,
        "wmape": 2.4691358024691357,
        "mape": 100,
        "bias": 2.4691358024691357
      }
    },
    {
      "clientId": 3812,
      "clientName": "ÖKORING HANDELS GMBH",
      "orderName": "S39594",
      "success": true,
      "metrics": {
        "precision": 0.6666666666666666,
        "recall": 0.75,
        "f1Score": 0.7058823529411765,
        "mae": 0,
        "wmape": 0,
        "mape": 0,
        "bias": 0
      }
    },
    {
      "clientId": 3818,
      "clientName": "NATURKOST WEST GMBH",
      "orderName": "S39694",
      "success": true,
      "metrics": {
        "precision": 0.5,
        "recall": 0.5,
        "f1Score": 0.5,
        "mae": 8,
        "wmape": 25,
        "mape": 25,
        "bias": -25
      }
    },
    {
      "clientId": 3831,
      "clientName": "DANTESSE GmbH",
      "orderName": "S39512",
      "success": true,
      "metrics": {
        "precision": 0.16666666666666666,
        "recall": 0.5,
        "f1Score": 0.25,
        "mae": 0,
        "wmape": 0,
        "mape": 0,
        "bias": 0
      }
    },
    {
      "clientId": 3840,
      "clientName": "KORO HANDELS GmbH",
      "orderName": "S39714",
      "success": true,
      "metrics": {
        "precision": 0.4,
        "recall": 0.5,
        "f1Score": 0.4444444444444445,
        "mae": 1.5,
        "wmape": 0.19442644199611148,
        "mape": 0.1,
        "bias": -0.19442644199611148
      }
    },
    {
      "clientId": 3863,
      "clientName": "C.F. GRELL NACHF. NATURKOST",
      "orderName": "S39705",
      "success": true,
      "metrics": {
        "precision": 1,
        "recall": 0.6666666666666666,
        "f1Score": 0.8,
        "mae": 4,
        "wmape": 16.666666666666664,
        "mape": 25,
        "bias": 16.666666666666664
      }
    },
    {
      "clientId": 3865,
      "clientName": "REWE MARKT GMBH - WEST",
      "orderName": "S39292",
      "success": true,
      "metrics": {
        "precision": 0.20833333333333334,
        "recall": 0.8333333333333334,
        "f1Score": 0.33333333333333337,
        "mae": 1.4,
        "wmape": 70,
        "mape": 63.33333333333333,
        "bias": 30
      }
    },
    {
      "clientId": 3875,
      "clientName": "E.L.D. GMBH",
      "orderName": "S39579",
      "success": true,
      "metrics": {
        "precision": 0.25,
        "recall": 0.3333333333333333,
        "f1Score": 0.28571428571428575,
        "mae": 112,
        "wmape": 58.333333333333336,
        "mape": 58.333333333333336,
        "bias": -58.333333333333336
      }
    },
    {
      "clientId": 5490,
      "clientName": "BIOCOOP SA COOP, BIOCOOP SA COOP, Adresse de facturation",
      "orderName": "S39754",
      "success": true,
      "metrics": {
        "precision": 0.38461538461538464,
        "recall": 1,
        "f1Score": 0.5555555555555556,
        "mae": 11.8,
        "wmape": 6.71217292377702,
        "mape": 14.166666666666666,
        "bias": 3.1854379977246867
      }
    },
    {
      "clientId": 8131,
      "clientName": "ILIS    SA, FRANCESCO LOZANO",
      "orderName": "S37570",
      "success": true,
      "metrics": {
        "precision": 0.625,
        "recall": 1,
        "f1Score": 0.7692307692307693,
        "mae": 145.6,
        "wmape": 71.65354330708661,
        "mape": 50,
        "bias": -71.65354330708661
      }
    },
    {
      "clientId": 8144,
      "clientName": "DELISALADES, Jean-Luc Durré",
      "orderName": "S39732",