{
  "executionDate": "2025-12-19T07:44:07.078Z",
  "config": {
    "daysBeforePrediction": 1
  },
  "aggregateMetrics": {
    "mean": {
      "precision": 0.41623447810754305,
      "recall": 0.6919667297118276,
      "f1Score": 0.4547843489642713,
      "mae": 53.81355085243973,
      "wmape": 36.86506470034971,
      "mape": 39.689962533507725,
      "bias": -0.35553288144425915
    },
    "median": {
      "precision": 0.5,
      "recall": 0.8333333333333334,
      "f1Score": 0.5853658536585366,
      "mae": 7.111111111111111,
      "wmape": 23.44322344322344,
      "mape": 26.710116304586354,
      "bias": 0
    },
    "stdDev": {
      "precision": 0.29774474393523254,
      "recall": 0.3337116193496611,
      "f1Score": 0.28190688445051537,
      "mae": 98.4102360037194,
      "wmape": 35.1814840195438,
      "mape": 39.449153902895,
      "bias": 48.47531070277352
    },
    "percentiles": {
      "p25": {
        "recall": 0.4201680672268907,
        "wmape": 3.571428571428571,
        "mape": 3.819444444444444,
        "bias": -27.73981603153745
      },
      "p50": {
        "recall": 0.8333333333333334,
        "wmape": 23.44322344322344,
        "mape": 26.710116304586354,
        "bias": 0
      },
      "p75": {
        "recall": 1,
        "wmape": 58.38541666666667,
        "mape": 57.34375,
        "bias": 15.142857142857142
      },
      "p90": {
        "recall": 1,
        "wmape": 83.32764505119455,
        "mape": 87.50000000000006,
        "bias": 64
      }
    }
  },
  "individualResults": [
    {
      "clientId": 30,
      "clientName": "Conserverie Et Moutarderie Belge",
      "orderName": "S40304",
      "success": true,
      "metrics": {
        "precision": 0.07142857142857142,
        "recall": 0.2857142857142857,
        "f1Score": 0.1142857142857143,
        "mae": 0,
        "wmape": 0,
        "mape": 0,
        "bias": 0
      }
    },
    {
      "clientId": 99,
      "clientName": "La Fermette Godelaine de Saint-Georges",
      "orderName": "S39917",
      "success": true,
      "metrics": {
        "precision": 0.35,
        "recall": 0.4117647058823529,
        "f1Score": 0.37837837837837834,
        "mae": 0.14285714285714285,
        "wmape": 14.285714285714285,
        "mape": 14.285714285714286,
        "bias": 14.285714285714285
      }
    },
    {
      "clientId": 3452,
      "clientName": "DELHAIZE LE LION/DE LEEUW NV",
      "orderName": "S40188",
      "success": true,
      "metrics": {
        "precision": 0.5,
        "recall": 1,
        "f1Score": 0.6666666666666666,
        "mae": 472,
        "wmape": 80.54607508532423,
        "mape": 79.16666666666667,
        "bias": -80.54607508532423
      }
    },
    {
      "clientId": 3460,
      "clientName": "UPFRESH - HUPPA",
      "orderName": "S40212",
      "success": true,
      "metrics": {
        "precision": 0.5,
        "recall": 1,
        "f1Score": 0.6666666666666666,
        "mae": 53,
        "wmape": 66.25,
        "mape": 66.25,
        "bias": 66.25
      }
    },
    {
      "clientId": 3547,
      "clientName": "K&F DE PAUW",
      "orderName": "S40269",
      "success": true,
      "metrics": {
        "precision": 0.07142857142857142,
        "recall": 1,
        "f1Score": 0.13333333333333333,
        "mae": 78,
        "wmape": 48.75,
        "mape": 48.75,
        "bias": -48.75
      }
    },
    {
      "clientId": 3576,
      "clientName": "HOUGARDY S.A.",
      "orderName": "S40331",
      "success": true,
      "metrics": {
        "precision": 0.5,
        "recall": 1,
        "f1Score": 0.6666666666666666,
        "mae": 27,
        "wmape": 16.875,
        "mape": 16.875,
        "bias": -16.875
      }
    },
    {
      "clientId": 3577,
      "clientName": "ITM ALIMENTAIRE BELGIUM",
      "orderName": "S40147",
      "success": true,
      "metrics": {
        "precision": 0.6666666666666666,
        "recall": 1,
        "f1Score": 0.8,
        "mae": 30.5,
        "wmape": 34.659090909090914,
        "mape": 34.26339285714286,
        "bias": 34.659090909090914
      }
    },
    {
      "clientId": 3590,
      "clientName": "MAISON DESPRIET SA",
      "orderName": "S40210",
      "success": true,
      "metrics": {
        "precision": 0.625,
        "recall": 0.8333333333333334,
        "f1Score": 0.7142857142857143,
        "mae": 89.8,
        "wmape": 56.62042875157629,
        "mape": 50.16666666666667,
        "bias": -56.62042875157629
      }
    },
    {
      "clientId": 3755,
      "clientName": "BVBA DRINK & FOOD",
      "orderName": "S39981",
      "success": true,
      "metrics": {
        "precision": 0.6,
        "recall": 1,
        "f1Score": 0.7499999999999999,
        "mae": 0,
        "wmape": 0,
        "mape": 0,
        "bias": 0
      }
    },
    {
      "clientId": 3812,
      "clientName": "ÖKORING HANDELS GMBH",
      "orderName": "S40248",
      "success": true,
      "metrics": {
        "precision": 0.8333333333333334,
        "recall": 0.625,
        "f1Score": 0.7142857142857143,
        "mae": 1,
        "wmape": 6.25,
        "mape": 6.25,
        "bias": 6.25
      }
    },
    {
      "clientId": 3818,
      "clientName": "NATURKOST WEST GMBH",
      "orderName": "S40142",
      "success": true,
      "metrics": {
        "precision": 0.6666666666666666,
        "recall": 0.4,
        "f1Score": 0.5,
        "mae": 16,
        "wmape": 50,
        "mape": 66.66666666666666,
        "bias": 0
      }
    },
    {
      "clientId": 3831,
      "clientName": "DANTESSE GmbH",
      "orderName": "S39769",
      "success": true,
      "metrics": {
        "precision": 0.1,
        "recall": 0.25,
        "f1Score": 0.14285714285714288,
        "mae": 163,
        "wmape": 130.4,
        "mape": 130.4,
        "bias": 130.4
      }
    },
    {
      "clientId": 3840,
      "clientName": "KORO HANDELS GmbH",
      "orderName": "S40299",
      "success": true,
      "metrics": {
        "precision": 0,
        "recall": 0,
        "f1Score": 0,
        "mae": 0,
        "wmape": 0,
        "mape": 0,
        "bias": 0
      }
    },
    {
      "clientId": 3863,
      "clientName": "C.F. GRELL NACHF. NATURKOST",
      "orderName": "S39980",
      "success": true,
      "metrics": {
        "precision": 0.5,
        "recall": 0.5,
        "f1Score": 0.5,
        "mae": 28,
        "wmape": 58.333333333333336,
        "mape": 56.25,
        "bias": -58.333333333333336
      }
    },
    {
      "clientId": 3865,
      "clientName": "REWE MARKT GMBH - WEST",
      "orderName": "S39800",
      "success": true,
      "metrics": {
        "precision": 0.25,
        "recall": 1,
        "f1Score": 0.4,
        "mae": 2.8,
        "wmape": 87.5,
        "mape": 148.33333333333331,
        "bias": 62.5
      }
    },
    {
      "clientId": 3875,
      "clientName": "E.L.D. GMBH",
      "orderName": "S40277",
      "success": true,
      "metrics": {
        "precision": 1,
        "recall": 0.42857142857142855,
        "f1Score": 0.6,
        "mae": 0.6666666666666666,
        "wmape": 0.8928571428571428,
        "mape": 1.3888888888888886,
        "bias": 0.8928571428571428
      }
    },
    {
      "clientId": 5490,
      "clientName": "BIOCOOP SA COOP, BIOCOOP SA COOP, Adresse de facturation",
      "orderName": "S40296",
      "success": true,
      "metrics": {
        "precision": 0.56,
        "recall": 1,
        "f1Score": 0.717948717948718,
        "mae": 117.42857142857143,
        "wmape": 36.00525624178712,
        "mape": 26.710116304586354,
        "bias": -35.4796320630749
      }
    },
    {
      "clientId": 8131,
      "clientName": "ILIS    SA, FRANCESCO LOZANO",
      "orderName": "S37570",
      "success": true,
      "metrics": {
        "precision": 0.7142857142857143,
        "recall": 1,
        "f1Score": 0.8333333333333333,
        "mae": 145,
        "wmape": 71.35826771653542,
        "mape": 47.2,