{
  "executionDate": "2025-12-17T16:32:28.696Z",
  "config": {
    "daysBeforePrediction": 1
  },
  "aggregateMetrics": {
    "mean": {
      "precision": 0.37026964095294534,
      "recall": 0.847364990464538,
      "f1Score": 0.45900931755197416,
      "mae": 47.27049229051492,
      "wmape": 41.56088685619113,
      "mape": 44.8427076142951,
      "bias": -2.971331006886104
    },
    "median": {
      "precision": 0.3548387096774194,
      "recall": 1,
      "f1Score": 0.52,
      "mae": 2.6666666666666665,
      "wmape": 36.36363636363637,
      "mape": 45,
      "bias": 0
    },
    "stdDev": {
      "precision": 0.270656982857184,
      "recall": 0.2550204866003625,
      "f1Score": 0.27563319909737205,
      "mae": 95.03486423106165,
      "wmape": 34.69635605591508,
      "mape": 36.62817879412658,
      "bias": 50.68834514723493
    },
    "percentiles": {
      "p25": {
        "recall": 0.7596153846153846,
        "wmape": 10,
        "mape": 13.942307692307693,
        "bias": -29.06199273401871
      },
      "p50": {
        "recall": 1,
        "wmape": 36.36363636363637,
        "mape": 45,
        "bias": 0
      },
      "p75": {
        "recall": 1,
        "wmape": 66.68768390079865,
        "mape": 64.58333333333334,
        "bias": 10.882352941176471
      },
      "p90": {
        "recall": 1,
        "wmape": 97.33333333333334,
        "mape": 100.02083333333333,
        "bias": 73.33333333333343
      }
    }
  },
  "individualResults": [
    {
      "clientId": 13621,
      "clientName": "FOODPRINT SRL",
      "orderName": "S40361",
      "success": true,
      "metrics": {
        "precision": 0.005,
        "recall": 1,
        "f1Score": 0.009950248756218907,
        "mae": 29,
        "wmape": 96.66666666666667,
        "mape": 96.66666666666667,
        "bias": -96.66666666666667
      }
    },
    {
      "clientId": 33598,
      "clientName": "COLRUYT FOOD RETAIL NV NEW",
      "orderName": "S40243",
      "success": true,
      "metrics": {
        "precision": 0.12903225806451613,
        "recall": 1,
        "f1Score": 0.2285714285714286,
        "mae": 0,
        "wmape": 0,
        "mape": 0,
        "bias": 0
      }
    },
    {
      "clientId": 5490,
      "clientName": "BIOCOOP SA COOP, BIOCOOP SA COOP, Adresse de facturation",
      "orderName": "S40296",
      "success": true,
      "metrics": {
        "precision": 0.5384615384615384,
        "recall": 1,
        "f1Score": 0.7000000000000001,
        "mae": 120.21428571428571,
        "wmape": 36.85939553219448,
        "mape": 36.19047619047619,
        "bias": -28.71222076215506
      }
    },
    {
      "clientId": 17452,
      "clientName": "HYGIENA SA",
      "orderName": "S40284",
      "success": true,
      "metrics": {
        "precision": 0.07317073170731707,
        "recall": 1,
        "f1Score": 0.13636363636363635,
        "mae": 4.666666666666667,
        "wmape": 10,
        "mape": 16.666666666666668,
        "bias": 10
      }
    },
    {
      "clientId": 17251,
      "clientName": "CARREFOUR BELGIUM SA, CD Carrefour Kontich",
      "orderName": "S40239",
      "success": true,
      "metrics": {
        "precision": 0.07142857142857142,
        "recall": 1,
        "f1Score": 0.13333333333333333,
        "mae": 0,
        "wmape": 0,
        "mape": 0,
        "bias": 0
      }
    },
    {
      "clientId": 24784,
      "clientName": "FOODPRINT SRL ECHANTILLON",
      "orderName": "S40301",
      "success": true,
      "metrics": {
        "precision": 0.023255813953488372,
        "recall": 0.14285714285714285,
        "f1Score": 0.04,
        "mae": 0,
        "wmape": 0,
        "mape": 0,
        "bias": 0
      }
    },
    {
      "clientId": 3452,
      "clientName": "DELHAIZE LE LION/DE LEEUW NV",
      "orderName": "S40188",
      "success": true,
      "metrics": {
        "precision": 0.5,
        "recall": 1,
        "f1Score": 0.6666666666666666,
        "mae": 472,
        "wmape": 80.54607508532423,
        "mape": 79.16666666666667,
        "bias": -80.54607508532423
      }
    },
    {
      "clientId": 71903,
      "clientName": "FOODPRINT SRL - FP",
      "orderName": "S36080",
      "success": true,
      "metrics": {
        "precision": 0.11538461538461539,
        "recall": 1,
        "f1Score": 0.20689655172413793,
        "mae": 8.083333333333334,
        "wmape": 30.312499999999996,
        "mape": 47.916666666666664,
        "bias": -20.9375
      }
    },
    {
      "clientId": 33628,
      "clientName": "LIDL BELGIE GMBH",
      "orderName": "S40152",
      "success": true,
      "metrics": {
        "precision": 0.6666666666666666,
        "recall": 1,
        "f1Score": 0.8,
        "mae": 192,
        "wmape": 50,
        "mape": 114.28571428571428,
        "bias": 0
      }
    },
    {
      "clientId": 3590,
      "clientName": "MAISON DESPRIET SA",
      "orderName": "S40210",
      "success": true,
      "metrics": {
        "precision": 0.5555555555555556,
        "recall": 0.8333333333333334,
        "f1Score": 0.6666666666666667,
        "mae": 105.8,
        "wmape": 66.70870113493065,
        "mape": 49.166666666666664,
        "bias": -66.70870113493065
      }
    },
    {
      "clientId": 30,
      "clientName": "Conserverie Et Moutarderie Belge",
      "orderName": "S40304",
      "success": true,
      "metrics": {
        "precision": 0.08823529411764706,
        "recall": 0.42857142857142855,
        "f1Score": 0.14634146341463417,
        "mae": 0.6666666666666666,
        "wmape": 66.66666666666666,
        "mape": 66.66666666666667,
        "bias": 66.66666666666666
      }
    },
    {
      "clientId": 60291,
      "clientName": "DOMAINE DE RONCHINNE",
      "orderName": "S40241",
      "success": true,
      "metrics": {
        "precision": 0.6296296296296297,
        "recall": 0.7083333333333334,
        "f1Score": 0.6666666666666667,
        "mae": 0.5882352941176471,
        "wmape": 35.714285714285715,
        "mape": 52.94117647058823,
        "bias": 28.57142857142857
      }
    },
    {
      "clientId": 8200,
      "clientName": "BONNI, ACHAT",
      "orderName": "S40213",
      "success": true,
      "metrics": {
        "precision": 0.21428571428571427,
        "recall": 0.6,
        "f1Score": 0.3157894736842105,
        "mae": 1.8333333333333333,
        "wmape": 100,
        "mape": 108.33333333333333,
        "bias": 100
      }
    },
    {
      "clientId": 3577,
      "clientName": "ITM ALIMENTAIRE BELGIUM",
      "orderName": "S40147",
      "success": true,
      "metrics": {
        "precision": 0.6666666666666666,
        "recall": 1,
        "f1Score": 0.8,
        "mae": 32,
        "wmape": 36.36363636363637,
        "mape": 50,
        "bias": 36.36363636363637
      }
    },
    {
      "clientId": 8144,
      "clientName": "DELISALADES, Jean-Luc Durré",
      "orderName": "S40071",
      "success": true,
      "metrics": {
        "precision": 0.5,
        "recall": 1,
        "f1Score": 0.6666666666666666,
        "mae": 160,
        "wmape": 50,
        "mape": 50,
        "bias": -50
      }
    },
    {
      "clientId": 3840,
      "clientName": "KORO HANDELS GmbH",
      "orderName": "S40299",
      "success": true,
      "metrics": {
        "precision": 0,
        "recall": 0,
        "f1Score": 0,
        "mae": 0,
        "wmape": 0,
        "mape": 0,
        "bias": 0
      }
    },
    {
      "clientId": 17600,
      "clientName": "SDP Rungis",
      "orderName": "S40258",
      "success": true,
      "metrics": {
        "precision": 0.16,
        "recall": 1,
        "f1Score": 0.2758620689655173,
        "mae": 54.25,
        "wmape": 14.447403462050598,
        "mape": 12.5,
        "bias": -14.447403462050598
      }
    },
    {
      "clientId": 60212,
      "clientName": "BIOK GASTUCHE",
      "orderName": "S40067",
      "success": true,
      "metrics": {
        "precision": 0.3225806451612903,