{
  "executionDate": "2025-12-17T16:32:28.646Z",
  "config": {
    "daysBeforePrediction": 1
  },
  "aggregateMetrics": {
    "mean": {
      "precision": 0.3826759334147982,
      "recall": 0.9793391581721101,
      "f1Score": 0.4942239087436368,
      "mae": 48.80641167827701,
      "wmape": 42.544031539541194,
      "mape": 45.01035196671807,
      "bias": -3.12719205677492
    },
    "median": {
      "precision": 0.39335887611749676,
      "recall": 1,
      "f1Score": 0.5644736842105262,
      "mae": 2.770833333333333,
      "wmape": 36.61151594791542,
      "mape": 43.98717948717949,
      "bias": -1.1904761904761905
    },
    "stdDev": {
      "precision": 0.27027611987410405,
      "recall": 0.06905517042007447,
      "f1Score": 0.28581717214368646,
      "mae": 95.85426962767269,
      "wmape": 34.51332570300151,
      "mape": 36.28501688903917,
      "bias": 51.397780994694315
    },
    "percentiles": {
      "p25": {
        "recall": 1,
        "wmape": 11.945184198845983,
        "mape": 15.515734265734265,
        "bias": -29.236878719950532
      },
      "p50": {
        "recall": 1,
        "wmape": 36.61151594791542,
        "mape": 43.98717948717949,
        "bias": -1.1904761904761905
      },
      "p75": {
        "recall": 1,
        "wmape": 66.69819251786464,
        "mape": 65.625,
        "bias": 11.601307189542482
      },
      "p90": {
        "recall": 1,
        "wmape": 97.66666666666669,
        "mape": 100,
        "bias": 76.6666666666668
      }
    }
  },
  "individualResults": [
    {
      "clientId": 13621,
      "clientName": "FOODPRINT SRL",
      "orderName": "S40361",
      "success": true,
      "metrics": {
        "precision": 0.00641025641025641,
        "recall": 1,
        "f1Score": 0.012738853503184714,
        "mae": 29,
        "wmape": 96.66666666666667,
        "mape": 96.66666666666667,
        "bias": -96.66666666666667
      }
    },
    {
      "clientId": 33598,
      "clientName": "COLRUYT FOOD RETAIL NV NEW",
      "orderName": "S40243",
      "success": true,
      "metrics": {
        "precision": 0.13793103448275862,
        "recall": 1,
        "f1Score": 0.2424242424242424,
        "mae": 0,
        "wmape": 0,
        "mape": 0,
        "bias": 0
      }
    },
    {
      "clientId": 5490,
      "clientName": "BIOCOOP SA COOP, BIOCOOP SA COOP, Adresse de facturation",
      "orderName": "S40296",
      "success": true,
      "metrics": {
        "precision": 0.5384615384615384,
        "recall": 1,
        "f1Score": 0.7000000000000001,
        "mae": 120.21428571428571,
        "wmape": 36.85939553219448,
        "mape": 36.19047619047619,
        "bias": -28.71222076215506
      }
    },
    {
      "clientId": 17452,
      "clientName": "HYGIENA SA",
      "orderName": "S40284",
      "success": true,
      "metrics": {
        "precision": 0.07317073170731707,
        "recall": 1,
        "f1Score": 0.13636363636363635,
        "mae": 4.666666666666667,
        "wmape": 10,
        "mape": 16.666666666666668,
        "bias": 10
      }
    },
    {
      "clientId": 17251,
      "clientName": "CARREFOUR BELGIUM SA, CD Carrefour Kontich",
      "orderName": "S40239",
      "success": true,
      "metrics": {
        "precision": 0.07692307692307693,
        "recall": 1,
        "f1Score": 0.14285714285714288,
        "mae": 0,
        "wmape": 0,
        "mape": 0,
        "bias": 0
      }
    },
    {
      "clientId": 24784,
      "clientName": "FOODPRINT SRL ECHANTILLON",
      "orderName": "S40301",
      "success": true,
      "metrics": {
        "precision": 0.03571428571428571,
        "recall": 1,
        "f1Score": 0.0689655172413793,
        "mae": 0,
        "wmape": 0,
        "mape": 0,
        "bias": 0
      }
    },
    {
      "clientId": 3452,
      "clientName": "DELHAIZE LE LION/DE LEEUW NV",
      "orderName": "S40188",
      "success": true,
      "metrics": {
        "precision": 0.5,
        "recall": 1,
        "f1Score": 0.6666666666666666,
        "mae": 472,
        "wmape": 80.54607508532423,
        "mape": 79.16666666666667,
        "bias": -80.54607508532423
      }
    },
    {
      "clientId": 71903,
      "clientName": "FOODPRINT SRL - FP",
      "orderName": "S36080",
      "success": true,
      "metrics": {
        "precision": 0.06976744186046512,
        "recall": 1,
        "f1Score": 0.13043478260869565,
        "mae": 18.666666666666668,
        "wmape": 25,
        "mape": 16.666666666666668,
        "bias": -25
      }
    },
    {
      "clientId": 33628,
      "clientName": "LIDL BELGIE GMBH",
      "orderName": "S40152",
      "success": true,
      "metrics": {
        "precision": 0.6666666666666666,
        "recall": 1,
        "f1Score": 0.8,
        "mae": 192,
        "wmape": 50,
        "mape": 114.28571428571428,
        "bias": 0
      }
    },
    {
      "clientId": 3590,
      "clientName": "MAISON DESPRIET SA",
      "orderName": "S40210",
      "success": true,
      "metrics": {
        "precision": 0.5555555555555556,
        "recall": 1,
        "f1Score": 0.7142857142857143,
        "mae": 105.8,
        "wmape": 66.70870113493065,
        "mape": 49.166666666666664,
        "bias": -66.70870113493065
      }
    },
    {
      "clientId": 30,
      "clientName": "Conserverie Et Moutarderie Belge",
      "orderName": "S40304",
      "success": true,
      "metrics": {
        "precision": 0.08823529411764706,
        "recall": 1,
        "f1Score": 0.1621621621621622,
        "mae": 0.6666666666666666,
        "wmape": 66.66666666666666,
        "mape": 66.66666666666667,
        "bias": 66.66666666666666
      }
    },
    {
      "clientId": 60291,
      "clientName": "DOMAINE DE RONCHINNE",
      "orderName": "S40241",
      "success": true,
      "metrics": {
        "precision": 0.6296296296296297,
        "recall": 0.7391304347826086,
        "f1Score": 0.68,
        "mae": 0.5882352941176471,
        "wmape": 35.714285714285715,
        "mape": 52.94117647058823,
        "bias": 28.57142857142857
      }
    },
    {
      "clientId": 8200,
      "clientName": "BONNI, ACHAT",
      "orderName": "S40213",
      "success": true,
      "metrics": {
        "precision": 0.13043478260869565,
        "recall": 1,
        "f1Score": 0.23076923076923078,
        "mae": 2.3333333333333335,
        "wmape": 100,
        "mape": 100,
        "bias": 100
      }
    },
    {
      "clientId": 3577,
      "clientName": "ITM ALIMENTAIRE BELGIUM",
      "orderName": "S40147",
      "success": true,
      "metrics": {
        "precision": 0.6666666666666666,
        "recall": 1,
        "f1Score": 0.8,
        "mae": 32,
        "wmape": 36.36363636363637,
        "mape": 50,
        "bias": 36.36363636363637
      }
    },
    {
      "clientId": 8144,
      "clientName": "DELISALADES, Jean-Luc Durré",
      "orderName": "S40071",
      "success": true,
      "metrics": {
        "precision": 0.5,
        "recall": 1,
        "f1Score": 0.6666666666666666,
        "mae": 160,
        "wmape": 50,
        "mape": 50,
        "bias": -50
      }
    },
    {
      "clientId": 17600,
      "clientName": "SDP Rungis",
      "orderName": "S40258",
      "success": true,
      "metrics": {
        "precision": 0.16666666666666666,
        "recall": 1,
        "f1Score": 0.2857142857142857,
        "mae": 54.25,
        "wmape": 14.447403462050598,
        "mape": 12.5,
        "bias": -14.447403462050598
      }
    },
    {
      "clientId": 60212,
      "clientName": "BIOK GASTUCHE",
      "orderName": "S40067",
      "success": true,
      "metrics": {
        "precision": 0.3225806451612903,
        "recall": 1,
        "f1Score": 0.4878048780487805,
        "mae": 0.6,
        "wmape": 50,
        "mape": 45,
        "bias": 33.33333333333333
      }
    },
    {
      "clientId": 24092,
      "clientName": "CONSERVERIE ET MOUTARDERIE BELGE ECHANTILLON",
      "orderName": "S39541",
      "success": true,