{
  "executionDate": "2025-11-20T13:35:44.795Z",
  "config": {
    "daysBeforePrediction": 1
  },
  "aggregateMetrics": {
    "mean": {
      "precision": 0.3831451419515783,
      "recall": 0.9495268039454087,
      "f1Score": 0.5153632550086368,
      "mae": 25.089176650223155,
      "wmape": 25.547741042925338,
      "mape": 29.65117780527928,
      "bias": -0.8967310924099806
    },
    "median": {
      "precision": 0.38461538461538464,
      "recall": 1,
      "f1Score": 0.5454545454545454,
      "mae": 1,
      "wmape": 20,
      "mape": 25,
      "bias": 0
    },
    "stdDev": {
      "precision": 0.20217257891978388,
      "recall": 0.10511862246563233,
      "f1Score": 0.2184966903028605,
      "mae": 45.42834756409648,
      "wmape": 24.111799872526134,
      "mape": 27.206400440480955,
      "bias": 28.322115485412933
    },
    "percentiles": {
      "p25": {
        "recall": 0.9415384615384615,
        "wmape": 3.045152859451838,
        "mape": 7.4305555555555545,
        "bias": -17.083333333333332
      },
      "p50": {
        "recall": 1,
        "wmape": 20,
        "mape": 25,
        "bias": 0
      },
      "p75": {
        "recall": 1,
        "wmape": 41.014986376021795,
        "mape": 48.766666666666666,
        "bias": 11.05
      },
      "p90": {
        "recall": 1,
        "wmape": 52.10526315789475,
        "mape": 57.79791666666667,
        "bias": 20
      }
    }
  },
  "individualResults": [
    {
      "clientId": 13621,
      "clientName": "FOODPRINT SRL",
      "orderName": "S39729",
      "success": true,
      "metrics": {
        "precision": 0.030303030303030304,
        "recall": 0.6666666666666666,
        "f1Score": 0.057971014492753624,
        "mae": 154.25,
        "wmape": 42.0299727520436,
        "mape": 50,
        "bias": 14.78201634877384
      }
    },
    {
      "clientId": 33598,
      "clientName": "COLRUYT FOOD RETAIL NV NEW",
      "orderName": "S39712",
      "success": true,
      "metrics": {
        "precision": 0.12903225806451613,
        "recall": 1,
        "f1Score": 0.2285714285714286,
        "mae": 0,
        "wmape": 0,
        "mape": 0,
        "bias": 0
      }
    },
    {
      "clientId": 17452,
      "clientName": "HYGIENA SA",
      "orderName": "S39690",
      "success": true,
      "metrics": {
        "precision": 0.2631578947368421,
        "recall": 0.7692307692307693,
        "f1Score": 0.392156862745098,
        "mae": 84.4,
        "wmape": 19.765807962529276,
        "mape": 20.373732718894008,
        "bias": 1.3114754098360655
      }
    },
    {
      "clientId": 5490,
      "clientName": "BIOCOOP SA COOP, BIOCOOP SA COOP, Adresse de facturation",
      "orderName": "S39754",
      "success": true,
      "metrics": {
        "precision": 0.38461538461538464,
        "recall": 1,
        "f1Score": 0.5555555555555556,
        "mae": 9.3,
        "wmape": 5.290102389078498,
        "mape": 10.833333333333332,
        "bias": -5.290102389078498
      }
    },
    {
      "clientId": 17251,
      "clientName": "CARREFOUR BELGIUM SA, CD Carrefour Kontich",
      "orderName": "S39718",
      "success": true,
      "metrics": {
        "precision": 0.6153846153846154,
        "recall": 1,
        "f1Score": 0.761904761904762,
        "mae": 12,
        "wmape": 9.6,
        "mape": 12.5,
        "bias": 9.6
      }
    },
    {
      "clientId": 71903,
      "clientName": "FOODPRINT SRL - FP",
      "orderName": "S36080",
      "success": true,
      "metrics": {
        "precision": 0.06976744186046512,
        "recall": 1,
        "f1Score": 0.13043478260869565,
        "mae": 18.666666666666668,
        "wmape": 25,
        "mape": 16.666666666666668,
        "bias": -25
      }
    },
    {
      "clientId": 3452,
      "clientName": "DELHAIZE LE LION/DE LEEUW NV",
      "orderName": "S39686",
      "success": true,
      "metrics": {
        "precision": 0.5,
        "recall": 1,
        "f1Score": 0.6666666666666666,
        "mae": 0,
        "wmape": 0,
        "mape": 0,
        "bias": 0
      }
    },
    {
      "clientId": 33628,
      "clientName": "LIDL BELGIE GMBH",
      "orderName": "S39662",
      "success": true,
      "metrics": {
        "precision": 0.3333333333333333,
        "recall": 1,
        "f1Score": 0.5,
        "mae": 128,
        "wmape": 33.33333333333333,
        "mape": 33.33333333333333,
        "bias": -33.33333333333333
      }
    },
    {
      "clientId": 30,
      "clientName": "Conserverie Et Moutarderie Belge",
      "orderName": "S39535",
      "success": true,
      "metrics": {
        "precision": 0.2857142857142857,
        "recall": 1,
        "f1Score": 0.4444444444444445,
        "mae": 0,
        "wmape": 0,
        "mape": 0,
        "bias": 0
      }
    },
    {
      "clientId": 3590,
      "clientName": "MAISON DESPRIET SA",
      "orderName": "S39562",
      "success": true,
      "metrics": {
        "precision": 0.375,
        "recall": 0.75,
        "f1Score": 0.5,
        "mae": 17.333333333333332,
        "wmape": 20,
        "mape": 38.888888888888886,
        "bias": 20
      }
    },
    {
      "clientId": 60291,
      "clientName": "DOMAINE DE RONCHINNE",
      "orderName": "S39452",
      "success": true,
      "metrics": {
        "precision": 0.3448275862068966,
        "recall": 0.9090909090909091,
        "f1Score": 0.5000000000000001,
        "mae": 1,
        "wmape": 71.42857142857143,
        "mape": 90,
        "bias": 71.42857142857143
      }
    },
    {
      "clientId": 8200,
      "clientName": "BONNI, ACHAT",
      "orderName": "S39480",
      "success": true,
      "metrics": {
        "precision": 0.1,
        "recall": 1,
        "f1Score": 0.18181818181818182,
        "mae": 5,
        "wmape": 25,
        "mape": 25,
        "bias": -25
      }
    },
    {
      "clientId": 3577,
      "clientName": "ITM ALIMENTAIRE BELGIUM",
      "orderName": "S39716",
      "success": true,
      "metrics": {
        "precision": 0.6666666666666666,
        "recall": 1,
        "f1Score": 0.8,
        "mae": 88,
        "wmape": 73.33333333333333,
        "mape": 75,
        "bias": 20
      }
    },
    {
      "clientId": 8144,
      "clientName": "DELISALADES, Jean-Luc Durré",
      "orderName": "S39732",
      "success": true,
      "metrics": {
        "precision": 0.5,
        "recall": 1,
        "f1Score": 0.6666666666666666,
        "mae": 0,
        "wmape": 0,
        "mape": 0,
        "bias": 0
      }
    },
    {
      "clientId": 24092,
      "clientName": "CONSERVERIE ET MOUTARDERIE BELGE ECHANTILLON",
      "orderName": "S39541",
      "success": true,
      "metrics": {
        "precision": 0.09090909090909091,
        "recall": 1,
        "f1Score": 0.16666666666666669,
        "mae": 1,
        "wmape": 100,
        "mape": 100,
        "bias": 100
      }
    },
    {
      "clientId": 60212,
      "clientName": "BIOK GASTUCHE",
      "orderName": "S39575",
      "success": true,
      "metrics": {
        "precision": 0.4444444444444444,
        "recall": 0.9230769230769231,
        "f1Score": 0.6,
        "mae": 0.16666666666666666,
        "wmape": 12.5,
        "mape": 11.111111111111109,
        "bias": 0
      }
    },
    {
      "clientId": 17669,
      "clientName": "Epicerie Uhoda Beaufays",
      "orderName": "S39600",
      "success": true,
      "metrics": {
        "precision": 0.2972972972972973,
        "recall": 0.9166666666666666,
        "f1Score": 0.4489795918367347,
        "mae": 0.18181818181818182,
        "wmape": 15.384615384615385,
        "mape": 9.090909090909092,
        "bias": -15.384615384615385
      }
    },
    {
      "clientId": 3840,
      "clientName": "KORO HANDELS GmbH",
      "orderName": "S39714",
      "success": true,
      "metrics": {
        "precision": 0.4,
        "recall": 0.5,
        "f1Score": 0.4444444444444445,
        "mae": 16,
        "wmape": 2.0738820479585223,
        "mape": 25.914728682170544,