{
  "executionDate": "2025-12-18T20:02:07.710Z",
  "config": {
    "daysBeforePrediction": 1
  },
  "aggregateMetrics": {
    "mean": {
      "precision": 0.5676767676767677,
      "recall": 1,
      "f1Score": 0.6772727272727272,
      "mae": 60.21212121212122,
      "wmape": 51.65289256198348,
      "mape": 53.16804407713499,
      "bias": 42.56198347107438
    },
    "median": {
      "precision": 0.5,
      "recall": 1,
      "f1Score": 0.6666666666666666,
      "mae": 1,
      "wmape": 0,
      "mape": 0,
      "bias": 0
    },
    "stdDev": {
      "precision": 0.29827241239634456,
      "recall": 0,
      "f1Score": 0.25148776776814896,
      "mae": 171.27603526797498,
      "wmape": 75.96790237401034,
      "mape": 77.07519327527912,
      "bias": 81.41020245727782
    },
    "percentiles": {
      "p25": {
        "recall": 1,
        "wmape": 0,
        "mape": 0,
        "bias": 0
      },
      "p50": {
        "recall": 1,
        "wmape": 0,
        "mape": 0,
        "bias": 0
      },
      "p75": {
        "recall": 1,
        "wmape": 75,
        "mape": 83.33333333333334,
        "bias": 59.09090909090909
      },
      "p90": {
        "recall": 1,
        "wmape": 200,
        "mape": 200,
        "bias": 200
      }
    }
  },
  "individualResults": [
    {
      "clientId": 8200,
      "clientName": "BONNI, ACHAT",
      "orderName": "S40213",
      "success": true,
      "metrics": {
        "precision": 0.6,
        "recall": 1,
        "f1Score": 0.7499999999999999,
        "mae": 1.3333333333333333,
        "wmape": 100,
        "mape": 116.66666666666667,
        "bias": 100
      }
    },
    {
      "clientId": 99,
      "clientName": "La Fermette Godelaine de Saint-Georges",
      "orderName": "S39917",
      "success": true,
      "metrics": {
        "precision": 0.5,
        "recall": 1,
        "f1Score": 0.6666666666666666,
        "mae": 0,
        "wmape": 0,
        "mape": 0,
        "bias": 0
      }
    },
    {
      "clientId": 3868,
      "clientName": "TERRA NATURKOST HANDELS KG",
      "orderName": "S40371",
      "success": true,
      "metrics": {
        "precision": 0.5,
        "recall": 1,
        "f1Score": 0.6666666666666666,
        "mae": 50,
        "wmape": 200,
        "mape": 200,
        "bias": 200
      }
    },
    {
      "clientId": 3901,
      "clientName": "CASIMEX",
      "orderName": "S40166",
      "success": true,
      "metrics": {
        "precision": 0.5,
        "recall": 1,
        "f1Score": 0.6666666666666666,
        "mae": 600,
        "wmape": 0,
        "mape": 0,
        "bias": 0
      }
    },
    {
      "clientId": 29069,
      "clientName": "CRF HYPER MARKET EUPEN",
      "orderName": "S40333",
      "success": true,
      "metrics": {
        "precision": 1,
        "recall": 1,
        "f1Score": 1,
        "mae": 0,
        "wmape": 0,
        "mape": 0,
        "bias": 0
      }
    },
    {
      "clientId": 23826,
      "clientName": "La ferme du vieux bure",
      "orderName": "S39798",
      "success": true,
      "metrics": {
        "precision": 0.1111111111111111,
        "recall": 1,
        "f1Score": 0.19999999999999998,
        "mae": 0,
        "wmape": 0,
        "mape": 0,
        "bias": 0
      }
    },
    {
      "clientId": 57352,
      "clientName": "Energy Services Management - Epicerie Uhoda Damré",
      "orderName": "S39779",
      "success": true,
      "metrics": {
        "precision": 0.5,
        "recall": 1,
        "f1Score": 0.6666666666666666,
        "mae": 0,
        "wmape": 0,
        "mape": 0,
        "bias": 0
      }
    },
    {
      "clientId": 3585,
      "clientName": "ILIS    SA",
      "orderName": "S40179",
      "success": true,
      "metrics": {
        "precision": 1,
        "recall": 1,
        "f1Score": 1,
        "mae": 8,
        "wmape": 18.181818181818183,
        "mape": 18.181818181818183,
        "bias": 18.181818181818183
      }
    },
    {
      "clientId": 60436,
      "clientName": "LE CELLIER DU BAUDET - épicerie",
      "orderName": "S40369",
      "success": true,
      "metrics": {
        "precision": 0.2,
        "recall": 1,
        "f1Score": 0.33333333333333337,
        "mae": 1,
        "wmape": 50,
        "mape": 50,
        "bias": -50
      }
    },
    {
      "clientId": 60545,
      "clientName": "TAN",
      "orderName": "S39699",
      "success": true,
      "metrics": {
        "precision": 0.3333333333333333,
        "recall": 1,
        "f1Score": 0.5,
        "mae": 0,
        "wmape": 0,
        "mape": 0,
        "bias": 0
      }
    },
    {
      "clientId": 58322,
      "clientName": "Lodis bv DLL AD Kessel-lo",
      "orderName": "S39436",
      "success": true,
      "metrics": {
        "precision": 1,
        "recall": 1,
        "f1Score": 1,
        "mae": 2,
        "wmape": 200,
        "mape": 200,
        "bias": 200
      }
    }
  ]
}