{
  "executionDate": "2025-11-20T13:35:44.823Z",
  "config": {
    "daysBeforePrediction": 1
  },
  "aggregateMetrics": {
    "mean": {
      "precision": 0.3698514953594072,
      "recall": 0.8641478471023926,
      "f1Score": 0.4821594968931455,
      "mae": 24.277869605142328,
      "wmape": 25.031031019222493,
      "mape": 29.630696491522936,
      "bias": -0.8408394766733902
    },
    "median": {
      "precision": 0.3798076923076923,
      "recall": 1,
      "f1Score": 0.5,
      "mae": 1,
      "wmape": 19.88290398126464,
      "mape": 25,
      "bias": 0
    },
    "stdDev": {
      "precision": 0.20646930871427194,
      "recall": 0.21347388538639314,
      "f1Score": 0.21740961041758564,
      "mae": 45.12364297463288,
      "wmape": 24.18401216869696,
      "mape": 27.371312122986417,
      "bias": 27.90108891921789
    },
    "percentiles": {
      "p25": {
        "recall": 0.7692307692307693,
        "wmape": 2.370322363841482,
        "mape": 5.777504887585532,
        "bias": -16.875
      },
      "p50": {
        "recall": 1,
        "wmape": 19.88290398126464,
        "mape": 25,
        "bias": 0
      },
      "p75": {
        "recall": 1,
        "wmape": 40.5074931880109,
        "mape": 48.55,
        "bias": 9.7
      },
      "p90": {
        "recall": 1,
        "wmape": 51.8421052631579,
        "mape": 57.604427083333334,
        "bias": 20
      }
    }
  },
  "individualResults": [
    {
      "clientId": 13621,
      "clientName": "FOODPRINT SRL",
      "orderName": "S39729",
      "success": true,
      "metrics": {
        "precision": 0.022598870056497175,
        "recall": 0.5714285714285714,
        "f1Score": 0.043478260869565216,
        "mae": 154.25,
        "wmape": 42.0299727520436,
        "mape": 50,
        "bias": 14.78201634877384
      }
    },
    {
      "clientId": 33598,
      "clientName": "COLRUYT FOOD RETAIL NV NEW",
      "orderName": "S39712",
      "success": true,
      "metrics": {
        "precision": 0.12121212121212122,
        "recall": 1,
        "f1Score": 0.21621621621621626,
        "mae": 0,
        "wmape": 0,
        "mape": 0,
        "bias": 0
      }
    },
    {
      "clientId": 17452,
      "clientName": "HYGIENA SA",
      "orderName": "S39690",
      "success": true,
      "metrics": {
        "precision": 0.2631578947368421,
        "recall": 0.7692307692307693,
        "f1Score": 0.392156862745098,
        "mae": 84.4,
        "wmape": 19.765807962529276,
        "mape": 20.373732718894008,
        "bias": 1.3114754098360655
      }
    },
    {
      "clientId": 5490,
      "clientName": "BIOCOOP SA COOP, BIOCOOP SA COOP, Adresse de facturation",
      "orderName": "S39754",
      "success": true,
      "metrics": {
        "precision": 0.38461538461538464,
        "recall": 1,
        "f1Score": 0.5555555555555556,
        "mae": 9.3,
        "wmape": 5.290102389078498,
        "mape": 10.833333333333332,
        "bias": -5.290102389078498
      }
    },
    {
      "clientId": 17251,
      "clientName": "CARREFOUR BELGIUM SA, CD Carrefour Kontich",
      "orderName": "S39718",
      "success": true,
      "metrics": {
        "precision": 0.6153846153846154,
        "recall": 1,
        "f1Score": 0.761904761904762,
        "mae": 12,
        "wmape": 9.6,
        "mape": 12.5,
        "bias": 9.6
      }
    },
    {
      "clientId": 24784,
      "clientName": "FOODPRINT SRL ECHANTILLON",
      "orderName": "S39741",
      "success": true,
      "metrics": {
        "precision": 0,
        "recall": 0,
        "f1Score": 0,
        "mae": 0,
        "wmape": 0,
        "mape": 0,
        "bias": 0
      }
    },
    {
      "clientId": 71903,
      "clientName": "FOODPRINT SRL - FP",
      "orderName": "S36080",
      "success": true,
      "metrics": {
        "precision": 0.11538461538461539,
        "recall": 1,
        "f1Score": 0.20689655172413793,
        "mae": 8.083333333333334,
        "wmape": 30.312499999999996,
        "mape": 47.916666666666664,
        "bias": -20.9375
      }
    },
    {
      "clientId": 3452,
      "clientName": "DELHAIZE LE LION/DE LEEUW NV",
      "orderName": "S39686",
      "success": true,
      "metrics": {
        "precision": 0.5,
        "recall": 1,
        "f1Score": 0.6666666666666666,
        "mae": 0,
        "wmape": 0,
        "mape": 0,
        "bias": 0
      }
    },
    {
      "clientId": 33628,
      "clientName": "LIDL BELGIE GMBH",
      "orderName": "S39662",
      "success": true,
      "metrics": {
        "precision": 0.3333333333333333,
        "recall": 1,
        "f1Score": 0.5,
        "mae": 128,
        "wmape": 33.33333333333333,
        "mape": 33.33333333333333,
        "bias": -33.33333333333333
      }
    },
    {
      "clientId": 30,
      "clientName": "Conserverie Et Moutarderie Belge",
      "orderName": "S39535",
      "success": true,
      "metrics": {
        "precision": 0.2857142857142857,
        "recall": 1,
        "f1Score": 0.4444444444444445,
        "mae": 0,
        "wmape": 0,
        "mape": 0,
        "bias": 0
      }
    },
    {
      "clientId": 3590,
      "clientName": "MAISON DESPRIET SA",
      "orderName": "S39562",
      "success": true,
      "metrics": {
        "precision": 0.375,
        "recall": 0.75,
        "f1Score": 0.5,
        "mae": 17.333333333333332,
        "wmape": 20,
        "mape": 38.888888888888886,
        "bias": 20
      }
    },
    {
      "clientId": 60291,
      "clientName": "DOMAINE DE RONCHINNE",
      "orderName": "S39452",
      "success": true,
      "metrics": {
        "precision": 0.3448275862068966,
        "recall": 0.9090909090909091,
        "f1Score": 0.5000000000000001,
        "mae": 1,
        "wmape": 71.42857142857143,
        "mape": 90,
        "bias": 71.42857142857143
      }
    },
    {
      "clientId": 8200,
      "clientName": "BONNI, ACHAT",
      "orderName": "S39480",
      "success": true,
      "metrics": {
        "precision": 0.07692307692307693,
        "recall": 1,
        "f1Score": 0.14285714285714288,
        "mae": 5,
        "wmape": 25,
        "mape": 25,
        "bias": -25
      }
    },
    {
      "clientId": 3577,
      "clientName": "ITM ALIMENTAIRE BELGIUM",
      "orderName": "S39716",
      "success": true,
      "metrics": {
        "precision": 0.6666666666666666,
        "recall": 1,
        "f1Score": 0.8,
        "mae": 88,
        "wmape": 73.33333333333333,
        "mape": 75,
        "bias": 20
      }
    },
    {
      "clientId": 8144,
      "clientName": "DELISALADES, Jean-Luc Durré",
      "orderName": "S39732",
      "success": true,
      "metrics": {
        "precision": 0.5,
        "recall": 1,
        "f1Score": 0.6666666666666666,
        "mae": 0,
        "wmape": 0,
        "mape": 0,
        "bias": 0
      }
    },
    {
      "clientId": 24092,
      "clientName": "CONSERVERIE ET MOUTARDERIE BELGE ECHANTILLON",
      "orderName": "S39541",
      "success": true,
      "metrics": {
        "precision": 0.05555555555555555,
        "recall": 1,
        "f1Score": 0.10526315789473684,
        "mae": 1,
        "wmape": 100,
        "mape": 100,
        "bias": 100
      }
    },
    {
      "clientId": 60212,
      "clientName": "BIOK GASTUCHE",
      "orderName": "S39575",
      "success": true,
      "metrics": {
        "precision": 0.4444444444444444,
        "recall": 0.9230769230769231,
        "f1Score": 0.6,
        "mae": 0.16666666666666666,
        "wmape": 12.5,
        "mape": 11.111111111111109,
        "bias": 0
      }
    },
    {
      "clientId": 17669,
      "clientName": "Epicerie Uhoda Beaufays",
      "orderName": "S39600",
      "success": true,
      "metrics": {
        "precision": 0.2894736842105263,
        "recall": 0.9166666666666666,
        "f1Score": 0.43999999999999995,
        "mae": 0.18181818181818182,
        "wmape": 15.384615384615385,
        "mape": 9.090909090909092,