{
  "executionDate": "2025-11-20T13:35:44.822Z",
  "config": {
    "daysBeforePrediction": 1
  },
  "aggregateMetrics": {
    "mean": {
      "precision": 0.32377049180327866,
      "recall": 1,
      "f1Score": 0.46190476190476193,
      "mae": 2.2777777777777777,
      "wmape": 21.354166666666664,
      "mape": 29.166666666666668,
      "bias": -5.729166666666666
    },
    "median": {
      "precision": 0.32377049180327866,
      "recall": 1,
      "f1Score": 0.46190476190476193,
      "mae": 2.2777777777777777,
      "wmape": 21.354166666666664,
      "mape": 29.166666666666668,
      "bias": -5.729166666666666
    },
    "stdDev": {
      "precision": 0.1762295081967213,
      "recall": 0,
      "f1Score": 0.20476190476190473,
      "mae": 2.2777777777777777,
      "wmape": 21.354166666666664,
      "mape": 29.166666666666668,
      "bias": 5.729166666666666
    },
    "percentiles": {
      "p25": {
        "recall": 1,
        "wmape": 10.677083333333332,
        "mape": 14.583333333333334,
        "bias": -8.59375
      },
      "p50": {
        "recall": 1,
        "wmape": 21.354166666666664,
        "mape": 29.166666666666668,
        "bias": -5.729166666666666
      },
      "p75": {
        "recall": 1,
        "wmape": 32.03125,
        "mape": 43.75,
        "bias": -2.864583333333333
      },
      "p90": {
        "recall": 1,
        "wmape": 38.4375,
        "mape": 52.5,
        "bias": -1.145833333333333
      }
    }
  },
  "individualResults": [
    {
      "clientId": 71903,
      "clientName": "FOODPRINT SRL - FP",
      "orderName": "S36080",
      "success": true,
      "metrics": {
        "precision": 0.14754098360655737,
        "recall": 1,
        "f1Score": 0.2571428571428572,
        "mae": 4.555555555555555,
        "wmape": 42.70833333333333,
        "mape": 58.333333333333336,
        "bias": -11.458333333333332
      }
    },
    {
      "clientId": 99,
      "clientName": "La Fermette Godelaine de Saint-Georges",
      "orderName": "S39676",
      "success": true,
      "metrics": {
        "precision": 0.5,
        "recall": 1,
        "f1Score": 0.6666666666666666,
        "mae": 0,
        "wmape": 0,
        "mape": 0,
        "bias": 0
      }
    }
  ]
}