{
  "executionDate": "2025-11-20T09:08:11.854Z",
  "config": {
    "daysBeforePrediction": 0
  },
  "aggregateMetrics": {
    "mean": {
      "precision": 0.3935502787026319,
      "recall": 0.9450078054333374,
      "f1Score": 0.521274544930126,
      "mae": 22.227901353965184,
      "wmape": 26.093057744177756,
      "mape": 30.280332153547665,
      "bias": 2.0944503903849343
    },
    "median": {
      "precision": 0.4,
      "recall": 1,
      "f1Score": 0.5555555555555556,
      "mae": 1,
      "wmape": 25,
      "mape": 27.77777777777778,
      "bias": 0
    },
    "stdDev": {
      "precision": 0.21321564130535872,
      "recall": 0.10603841695071413,
      "f1Score": 0.22712744930146125,
      "mae": 43.04548559078157,
      "wmape": 22.981994133395585,
      "mape": 26.232392789172412,
      "bias": 28.85144762403477
    },
    "percentiles": {
      "p25": {
        "recall": 0.9198717948717949,
        "wmape": 3.045152859451838,
        "mape": 4.036070381231672,
        "bias": -8.193979933110368
      },
      "p50": {
        "recall": 1,
        "wmape": 25,
        "mape": 27.77777777777778,
        "bias": 0
      },
      "p75": {
        "recall": 1,
        "wmape": 41.014986376021795,
        "mape": 50,
        "bias": 15.628815628815628
      },
      "p90": {
        "recall": 1,
        "wmape": 52.35697940503432,
        "mape": 59,
        "bias": 29.117647058823515
      }
    }
  },
  "individualResults": [
    {
      "clientId": 13621,
      "clientName": "FOODPRINT SRL",
      "orderName": "S39729",
      "success": true,
      "metrics": {
        "precision": 0.03007518796992481,
        "recall": 0.6666666666666666,
        "f1Score": 0.05755395683453238,
        "mae": 154.25,
        "wmape": 42.0299727520436,
        "mape": 50,
        "bias": 14.78201634877384
      }
    },
    {
      "clientId": 33598,
      "clientName": "COLRUYT FOOD RETAIL NV NEW",
      "orderName": "S39712",
      "success": true,
      "metrics": {
        "precision": 0.125,
        "recall": 1,
        "f1Score": 0.2222222222222222,
        "mae": 0,
        "wmape": 0,
        "mape": 0,
        "bias": 0
      }
    },
    {
      "clientId": 17452,
      "clientName": "HYGIENA SA",
      "orderName": "S39690",
      "success": true,
      "metrics": {
        "precision": 0.2631578947368421,
        "recall": 0.7692307692307693,
        "f1Score": 0.392156862745098,
        "mae": 84.1,
        "wmape": 19.69555035128806,
        "mape": 20.276958525345623,
        "bias": 1.3817330210772834
      }
    },
    {
      "clientId": 5490,
      "clientName": "BIOCOOP SA COOP, BIOCOOP SA COOP, Adresse de facturation",
      "orderName": "S39754",
      "success": true,
      "metrics": {
        "precision": 0.38461538461538464,
        "recall": 1,
        "f1Score": 0.5555555555555556,
        "mae": 18,
        "wmape": 10.238907849829351,
        "mape": 20.833333333333332,
        "bias": -10.238907849829351
      }
    },
    {
      "clientId": 17251,
      "clientName": "CARREFOUR BELGIUM SA, CD Carrefour Kontich",
      "orderName": "S39718",
      "success": true,
      "metrics": {
        "precision": 0.6153846153846154,
        "recall": 1,
        "f1Score": 0.761904761904762,
        "mae": 12,
        "wmape": 9.6,
        "mape": 12.5,
        "bias": 9.6
      }
    },
    {
      "clientId": 71903,
      "clientName": "FOODPRINT SRL - FP",
      "orderName": "S36080",
      "success": true,
      "metrics": {
        "precision": 0.06976744186046512,
        "recall": 1,
        "f1Score": 0.13043478260869565,
        "mae": 18.666666666666668,
        "wmape": 25,
        "mape": 16.666666666666668,
        "bias": -25
      }
    },
    {
      "clientId": 3452,
      "clientName": "DELHAIZE LE LION/DE LEEUW NV",
      "orderName": "S39686",
      "success": true,
      "metrics": {
        "precision": 0.5,
        "recall": 1,
        "f1Score": 0.6666666666666666,
        "mae": 0,
        "wmape": 0,
        "mape": 0,
        "bias": 0
      }
    },
    {
      "clientId": 33628,
      "clientName": "LIDL BELGIE GMBH",
      "orderName": "S39662",
      "success": true,
      "metrics": {
        "precision": 0.3333333333333333,
        "recall": 1,
        "f1Score": 0.5,
        "mae": 128,
        "wmape": 33.33333333333333,
        "mape": 33.33333333333333,
        "bias": -33.33333333333333
      }
    },
    {
      "clientId": 30,
      "clientName": "Conserverie Et Moutarderie Belge",
      "orderName": "S39535",
      "success": true,
      "metrics": {
        "precision": 0.05714285714285714,
        "recall": 1,
        "f1Score": 0.1081081081081081,
        "mae": 0,
        "wmape": 0,
        "mape": 0,
        "bias": 0
      }
    },
    {
      "clientId": 3590,
      "clientName": "MAISON DESPRIET SA",
      "orderName": "S39562",
      "success": true,
      "metrics": {
        "precision": 0.375,
        "recall": 0.75,
        "f1Score": 0.5,
        "mae": 17.333333333333332,
        "wmape": 20,
        "mape": 38.888888888888886,
        "bias": 20
      }
    },
    {
      "clientId": 60291,
      "clientName": "DOMAINE DE RONCHINNE",
      "orderName": "S39452",
      "success": true,
      "metrics": {
        "precision": 0.3448275862068966,
        "recall": 0.9090909090909091,
        "f1Score": 0.5000000000000001,
        "mae": 0.9,
        "wmape": 64.28571428571429,
        "mape": 80,
        "bias": 64.28571428571429
      }
    },
    {
      "clientId": 8200,
      "clientName": "BONNI, ACHAT",
      "orderName": "S39480",
      "success": true,
      "metrics": {
        "precision": 0.09523809523809523,
        "recall": 1,
        "f1Score": 0.17391304347826084,
        "mae": 5,
        "wmape": 25,
        "mape": 25,
        "bias": -25
      }
    },
    {
      "clientId": 3577,
      "clientName": "ITM ALIMENTAIRE BELGIUM",
      "orderName": "S39716",
      "success": true,
      "metrics": {
        "precision": 0.6666666666666666,
        "recall": 1,
        "f1Score": 0.8,
        "mae": 56,
        "wmape": 46.666666666666664,
        "mape": 50,
        "bias": 46.666666666666664
      }
    },
    {
      "clientId": 8144,
      "clientName": "DELISALADES, Jean-Luc Durré",
      "orderName": "S39732",
      "success": true,
      "metrics": {
        "precision": 0.5,
        "recall": 1,
        "f1Score": 0.6666666666666666,
        "mae": 0,
        "wmape": 0,
        "mape": 0,
        "bias": 0
      }
    },
    {
      "clientId": 24092,
      "clientName": "CONSERVERIE ET MOUTARDERIE BELGE ECHANTILLON",
      "orderName": "S39541",
      "success": true,
      "metrics": {
        "precision": 0.09090909090909091,
        "recall": 1,
        "f1Score": 0.16666666666666669,
        "mae": 1,
        "wmape": 100,
        "mape": 100,
        "bias": 100
      }
    },
    {
      "clientId": 60212,
      "clientName": "BIOK GASTUCHE",
      "orderName": "S39575",
      "success": true,
      "metrics": {
        "precision": 0.4444444444444444,
        "recall": 0.9230769230769231,
        "f1Score": 0.6,
        "mae": 0,
        "wmape": 0,
        "mape": 0,
        "bias": 0
      }
    },
    {
      "clientId": 17669,
      "clientName": "Epicerie Uhoda Beaufays",
      "orderName": "S39600",
      "success": true,
      "metrics": {
        "precision": 0.2972972972972973,
        "recall": 0.9166666666666666,
        "f1Score": 0.4489795918367347,
        "mae": 0.09090909090909091,
        "wmape": 7.6923076923076925,
        "mape": 4.545454545454546,
        "bias": -7.6923076923076925
      }
    },
    {
      "clientId": 3840,
      "clientName": "KORO HANDELS GmbH",
      "orderName": "S39714",
      "success": true,
      "metrics": {
        "precision": 0.4,
        "recall": 0.5,
        "f1Score": 0.4444444444444445,
        "mae": 5,
        "wmape": 0.6480881399870383,
        "mape": 0.33333333333333337,