{
  "executionDate": "2025-12-19T15:03:29.520Z",
  "config": {
    "daysBeforePrediction": 1
  },
  "aggregateMetrics": {
    "mean": {
      "precision": 0.40797338463119676,
      "recall": 0.8018313726034312,
      "f1Score": 0.5004777833943702,
      "mae": 24.087761544011546,
      "wmape": 31.515395451318255,
      "mape": 36.57298099712415,
      "bias": 5.654853406497765
    },
    "median": {
      "precision": 0.40454545454545454,
      "recall": 0.8944444444444444,
      "f1Score": 0.5258620689655173,
      "mae": 1.0555555555555556,
      "wmape": 28.636363636363633,
      "mape": 33.33333333333333,
      "bias": 0
    },
    "stdDev": {
      "precision": 0.24371932232394605,
      "recall": 0.2451089569506208,
      "f1Score": 0.24263786088693673,
      "mae": 47.72729833969078,
      "wmape": 33.079831327452354,
      "mape": 36.21539282518586,
      "bias": 38.81332999406089
    },
    "percentiles": {
      "p25": {
        "recall": 0.696078431372549,
        "wmape": 3.333161387943189,
        "mape": 4.453100125680771,
        "bias": -7.319078947368421
      },
      "p50": {
        "recall": 0.8944444444444444,
        "wmape": 28.636363636363633,
        "mape": 33.33333333333333,
        "bias": 0
      },
      "p75": {
        "recall": 1,
        "wmape": 45.95238095238095,
        "mape": 50.89285714285714,
        "bias": 19.36124031007752
      },
      "p90": {
        "recall": 1,
        "wmape": 62.7449908925319,
        "mape": 72.54761904761907,
        "bias": 41.81372549019609
      }
    }
  },
  "individualResults": [
    {
      "clientId": 30,
      "clientName": "Conserverie Et Moutarderie Belge",
      "orderName": "S39535",
      "success": true,
      "metrics": {
        "precision": 0.2857142857142857,
        "recall": 1,
        "f1Score": 0.4444444444444445,
        "mae": 0,
        "wmape": 0,
        "mape": 0,
        "bias": 0
      }
    },
    {
      "clientId": 99,
      "clientName": "La Fermette Godelaine de Saint-Georges",
      "orderName": "S39676",
      "success": true,
      "metrics": {
        "precision": 0.12,
        "recall": 0.23076923076923078,
        "f1Score": 0.15789473684210525,
        "mae": 0.3333333333333333,
        "wmape": 33.33333333333333,
        "mape": 33.333333333333336,
        "bias": 33.33333333333333
      }
    },
    {
      "clientId": 3452,
      "clientName": "DELHAIZE LE LION/DE LEEUW NV",
      "orderName": "S39686",
      "success": true,
      "metrics": {
        "precision": 0.5,
        "recall": 1,
        "f1Score": 0.6666666666666666,
        "mae": 0,
        "wmape": 0,
        "mape": 0,
        "bias": 0
      }
    },
    {
      "clientId": 3460,
      "clientName": "UPFRESH - HUPPA",
      "orderName": "S39539",
      "success": true,
      "metrics": {
        "precision": 0.5,
        "recall": 1,
        "f1Score": 0.6666666666666666,
        "mae": 80,
        "wmape": 50,
        "mape": 50,
        "bias": -50
      }
    },
    {
      "clientId": 3547,
      "clientName": "K&F DE PAUW",
      "orderName": "S39711",
      "success": true,
      "metrics": {
        "precision": 0.05555555555555555,
        "recall": 1,
        "f1Score": 0.10526315789473684,
        "mae": 0,
        "wmape": 0,
        "mape": 0,
        "bias": 0
      }
    },
    {
      "clientId": 3576,
      "clientName": "HOUGARDY S.A.",
      "orderName": "S39635",
      "success": true,
      "metrics": {
        "precision": 0.5,
        "recall": 1,
        "f1Score": 0.6666666666666666,
        "mae": 0,
        "wmape": 0,
        "mape": 0,
        "bias": 0
      }
    },
    {
      "clientId": 3577,
      "clientName": "ITM ALIMENTAIRE BELGIUM",
      "orderName": "S39716",
      "success": true,
      "metrics": {
        "precision": 0.6666666666666666,
        "recall": 1,
        "f1Score": 0.8,
        "mae": 56,
        "wmape": 46.666666666666664,
        "mape": 50,
        "bias": 46.666666666666664
      }
    },
    {
      "clientId": 3590,
      "clientName": "MAISON DESPRIET SA",
      "orderName": "S39562",
      "success": true,
      "metrics": {
        "precision": 0.4,
        "recall": 1,
        "f1Score": 0.5714285714285715,
        "mae": 13,
        "wmape": 19.923371647509576,
        "mape": 29.166666666666664,
        "bias": 19.923371647509576
      }
    },
    {
      "clientId": 3755,
      "clientName": "BVBA DRINK & FOOD",
      "orderName": "S39706",
      "success": true,
      "metrics": {
        "precision": 0.5,
        "recall": 1,
        "f1Score": 0.6666666666666666,
        "mae": 1,
        "wmape": 2.4691358024691357,
        "mape": 100,
        "bias": 2.4691358024691357
      }
    },
    {
      "clientId": 3812,
      "clientName": "ÖKORING HANDELS GMBH",
      "orderName": "S39594",
      "success": true,
      "metrics": {
        "precision": 0.6666666666666666,
        "recall": 0.5,
        "f1Score": 0.5714285714285715,
        "mae": 0,
        "wmape": 0,
        "mape": 0,
        "bias": 0
      }
    },
    {
      "clientId": 3818,
      "clientName": "NATURKOST WEST GMBH",
      "orderName": "S39694",
      "success": true,
      "metrics": {
        "precision": 0.5,
        "recall": 0.5,
        "f1Score": 0.5,
        "mae": 8,
        "wmape": 25,
        "mape": 25,
        "bias": -25
      }
    },
    {
      "clientId": 3831,
      "clientName": "DANTESSE GmbH",
      "orderName": "S39512",
      "success": true,
      "metrics": {
        "precision": 0.09090909090909091,
        "recall": 0.5,
        "f1Score": 0.15384615384615385,
        "mae": 0,
        "wmape": 0,
        "mape": 0,
        "bias": 0
      }
    },
    {
      "clientId": 3840,
      "clientName": "KORO HANDELS GmbH",
      "orderName": "S39714",
      "success": true,
      "metrics": {
        "precision": 0.25,
        "recall": 0.25,
        "f1Score": 0.25,
        "mae": 0,
        "wmape": 0,
        "mape": 0,
        "bias": 0
      }
    },
    {
      "clientId": 3863,
      "clientName": "C.F. GRELL NACHF. NATURKOST",
      "orderName": "S39705",
      "success": true,
      "metrics": {
        "precision": 1,
        "recall": 0.6666666666666666,
        "f1Score": 0.8,
        "mae": 8,
        "wmape": 33.33333333333333,
        "mape": 33.33333333333333,
        "bias": 0
      }
    },
    {
      "clientId": 3865,
      "clientName": "REWE MARKT GMBH - WEST",
      "orderName": "S39292",
      "success": true,
      "metrics": {
        "precision": 0.2,
        "recall": 0.6666666666666666,
        "f1Score": 0.30769230769230765,
        "mae": 1.5,
        "wmape": 66.66666666666666,
        "mape": 66.66666666666666,
        "bias": 44.44444444444444
      }
    },
    {
      "clientId": 3875,
      "clientName": "E.L.D. GMBH",
      "orderName": "S39579",
      "success": true,
      "metrics": {
        "precision": 0.25,
        "recall": 0.3333333333333333,
        "f1Score": 0.28571428571428575,
        "mae": 80,
        "wmape": 41.66666666666667,
        "mape": 41.66666666666667,
        "bias": -41.66666666666667
      }
    },
    {
      "clientId": 5490,
      "clientName": "BIOCOOP SA COOP, BIOCOOP SA COOP, Adresse de facturation",
      "orderName": "S39754",
      "success": true,
      "metrics": {
        "precision": 0.5263157894736842,
        "recall": 1,
        "f1Score": 0.6896551724137931,
        "mae": 80.3,
        "wmape": 45.676905574516496,
        "mape": 66.66666666666666,
        "bias": 45.676905574516496
      }
    },
    {
      "clientId": 8131,
      "clientName": "ILIS    SA, FRANCESCO LOZANO",
      "orderName": "S37570",
      "success": true,
      "metrics": {
        "precision": 0.7142857142857143,
        "recall": 1,
        "f1Score": 0.8333333333333333,
        "mae": 144.6,
        "wmape": 71.16141732283464,
        "mape": 46.4,
        "bias": -71.16141732283464
      }
    },
    {
      "clientId": 8144,