{
  "executionDate": "2025-11-20T09:08:11.880Z",
  "config": {
    "daysBeforePrediction": 0
  },
  "aggregateMetrics": {
    "mean": {
      "precision": 0.5491803278688524,
      "recall": 1,
      "f1Score": 0.6412698412698413,
      "mae": 1.8518518518518519,
      "wmape": 30.902777777777775,
      "mape": 36.111111111111114,
      "bias": 12.847222222222223
    },
    "median": {
      "precision": 0.5,
      "recall": 1,
      "f1Score": 0.6666666666666666,
      "mae": 1,
      "wmape": 42.70833333333333,
      "mape": 50,
      "bias": 0
    },
    "stdDev": {
      "precision": 0.3497481209333223,
      "recall": 0,
      "f1Score": 0.30380139645130777,
      "mae": 1.9549101067254289,
      "wmape": 22.05339515027836,
      "mape": 25.760051376376953,
      "bias": 26.684202856723402
    },
    "percentiles": {
      "p25": {
        "recall": 1,
        "wmape": 21.354166666666664,
        "mape": 25,
        "bias": -5.729166666666666
      },
      "p50": {
        "recall": 1,
        "wmape": 42.70833333333333,
        "mape": 50,
        "bias": 0
      },
      "p75": {
        "recall": 1,
        "wmape": 46.354166666666664,
        "mape": 54.16666666666667,
        "bias": 25
      },
      "p90": {
        "recall": 1,
        "wmape": 48.541666666666664,
        "mape": 56.66666666666667,
        "bias": 40
      }
    }
  },
  "individualResults": [
    {
      "clientId": 71903,
      "clientName": "FOODPRINT SRL - FP",
      "orderName": "S36080",
      "success": true,
      "metrics": {
        "precision": 0.14754098360655737,
        "recall": 1,
        "f1Score": 0.2571428571428572,
        "mae": 4.555555555555555,
        "wmape": 42.70833333333333,
        "mape": 58.333333333333336,
        "bias": -11.458333333333332
      }
    },
    {
      "clientId": 99,
      "clientName": "La Fermette Godelaine de Saint-Georges",
      "orderName": "S39676",
      "success": true,
      "metrics": {
        "precision": 0.5,
        "recall": 1,
        "f1Score": 0.6666666666666666,
        "mae": 0,
        "wmape": 0,
        "mape": 0,
        "bias": 0
      }
    },
    {
      "clientId": 17809,
      "clientName": "AU RAYON BIO",
      "orderName": "S39577",
      "success": true,
      "metrics": {
        "precision": 1,
        "recall": 1,
        "f1Score": 1,
        "mae": 1,
        "wmape": 50,
        "mape": 50,
        "bias": 50
      }
    }
  ]
}