{
  "executionDate": "2025-12-19T11:29:07.933Z",
  "config": {
    "daysBeforePrediction": 1
  },
  "aggregateMetrics": {
    "mean": {
      "precision": 0.426880001517119,
      "recall": 0.7572057647108357,
      "f1Score": 0.501203055639894,
      "mae": 35.917572944297085,
      "wmape": 27.05143470702094,
      "mape": 33.54815375345826,
      "bias": 4.847784386462755
    },
    "median": {
      "precision": 0.4166666666666667,
      "recall": 0.8333333333333334,
      "f1Score": 0.5,
      "mae": 1,
      "wmape": 25,
      "mape": 25,
      "bias": 0
    },
    "stdDev": {
      "precision": 0.2665833087740689,
      "recall": 0.24917035906835164,
      "f1Score": 0.2486607131485945,
      "mae": 66.99335374553523,
      "wmape": 25.335765674295487,
      "mape": 31.164291190028926,
      "bias": 30.144334836074982
    },
    "percentiles": {
      "p25": {
        "recall": 0.5,
        "wmape": 0,
        "mape": 0,
        "bias": 0
      },
      "p50": {
        "recall": 0.8333333333333334,
        "wmape": 25,
        "mape": 25,
        "bias": 0
      },
      "p75": {
        "recall": 1,
        "wmape": 50,
        "mape": 50,
        "bias": 17.181208053691275
      },
      "p90": {
        "recall": 1,
        "wmape": 59.99999999999999,
        "mape": 71.39784946236557,
        "bias": 47.54266211604095
      }
    }
  },
  "individualResults": [
    {
      "clientId": 30,
      "clientName": "Conserverie Et Moutarderie Belge",
      "orderName": "S39535",
      "success": true,
      "metrics": {
        "precision": 0.2857142857142857,
        "recall": 1,
        "f1Score": 0.4444444444444445,
        "mae": 0.5,
        "wmape": 50,
        "mape": 50,
        "bias": 50
      }
    },
    {
      "clientId": 99,
      "clientName": "La Fermette Godelaine de Saint-Georges",
      "orderName": "S39676",
      "success": true,
      "metrics": {
        "precision": 0.17391304347826086,
        "recall": 0.3076923076923077,
        "f1Score": 0.2222222222222222,
        "mae": 0.5,
        "wmape": 50,
        "mape": 50,
        "bias": 50
      }
    },
    {
      "clientId": 3452,
      "clientName": "DELHAIZE LE LION/DE LEEUW NV",
      "orderName": "S39686",
      "success": true,
      "metrics": {
        "precision": 0.5,
        "recall": 1,
        "f1Score": 0.6666666666666666,
        "mae": 0,
        "wmape": 0,
        "mape": 0,
        "bias": 0
      }
    },
    {
      "clientId": 3460,
      "clientName": "UPFRESH - HUPPA",
      "orderName": "S39539",
      "success": true,
      "metrics": {
        "precision": 0.5,
        "recall": 1,
        "f1Score": 0.6666666666666666,
        "mae": 0,
        "wmape": 0,
        "mape": 0,
        "bias": 0
      }
    },
    {
      "clientId": 3547,
      "clientName": "K&F DE PAUW",
      "orderName": "S39711",
      "success": true,
      "metrics": {
        "precision": 0.058823529411764705,
        "recall": 1,
        "f1Score": 0.1111111111111111,
        "mae": 0,
        "wmape": 0,
        "mape": 0,
        "bias": 0
      }
    },
    {
      "clientId": 3576,
      "clientName": "HOUGARDY S.A.",
      "orderName": "S39635",
      "success": true,
      "metrics": {
        "precision": 0.5,
        "recall": 1,
        "f1Score": 0.6666666666666666,
        "mae": 0,
        "wmape": 0,
        "mape": 0,
        "bias": 0
      }
    },
    {
      "clientId": 3577,
      "clientName": "ITM ALIMENTAIRE BELGIUM",
      "orderName": "S39716",
      "success": true,
      "metrics": {
        "precision": 0.5,
        "recall": 0.5,
        "f1Score": 0.5,
        "mae": 64,
        "wmape": 50,
        "mape": 50,
        "bias": -50
      }
    },
    {
      "clientId": 3590,
      "clientName": "MAISON DESPRIET SA",
      "orderName": "S39562",
      "success": true,
      "metrics": {
        "precision": 0.375,
        "recall": 0.75,
        "f1Score": 0.5,
        "mae": 14.666666666666666,
        "wmape": 17.670682730923694,
        "mape": 16.666666666666668,
        "bias": 17.670682730923694
      }
    },
    {
      "clientId": 3755,
      "clientName": "BVBA DRINK & FOOD",
      "orderName": "S39706",
      "success": true,
      "metrics": {
        "precision": 0.5,
        "recall": 1,
        "f1Score": 0.6666666666666666,
        "mae": 1,
        "wmape": 2.4691358024691357,
        "mape": 100,
        "bias": 2.4691358024691357
      }
    },
    {
      "clientId": 3812,
      "clientName": "ÖKORING HANDELS GMBH",
      "orderName": "S39594",
      "success": true,
      "metrics": {
        "precision": 0.6666666666666666,
        "recall": 0.5,
        "f1Score": 0.5714285714285715,
        "mae": 0,
        "wmape": 0,
        "mape": 0,
        "bias": 0
      }
    },
    {
      "clientId": 3818,
      "clientName": "NATURKOST WEST GMBH",
      "orderName": "S39694",
      "success": true,
      "metrics": {
        "precision": 0.5,
        "recall": 0.5,
        "f1Score": 0.5,
        "mae": 8,
        "wmape": 25,
        "mape": 25,
        "bias": -25
      }
    },
    {
      "clientId": 3831,
      "clientName": "DANTESSE GmbH",
      "orderName": "S39512",
      "success": true,
      "metrics": {
        "precision": 0.08333333333333333,
        "recall": 0.5,
        "f1Score": 0.14285714285714285,
        "mae": 0,
        "wmape": 0,
        "mape": 0,
        "bias": 0
      }
    },
    {
      "clientId": 3840,
      "clientName": "KORO HANDELS GmbH",
      "orderName": "S39714",
      "success": true,
      "metrics": {
        "precision": 0.2,
        "recall": 0.25,
        "f1Score": 0.22222222222222224,
        "mae": 0,
        "wmape": 0,
        "mape": 0,
        "bias": 0
      }
    },
    {
      "clientId": 3863,
      "clientName": "C.F. GRELL NACHF. NATURKOST",
      "orderName": "S39705",
      "success": true,
      "metrics": {
        "precision": 1,
        "recall": 0.6666666666666666,
        "f1Score": 0.8,
        "mae": 8,
        "wmape": 33.33333333333333,
        "mape": 33.33333333333333,
        "bias": 0
      }
    },
    {
      "clientId": 3865,
      "clientName": "REWE MARKT GMBH - WEST",
      "orderName": "S39292",
      "success": true,
      "metrics": {
        "precision": 0.21052631578947367,
        "recall": 0.6666666666666666,
        "f1Score": 0.32,
        "mae": 1.5,
        "wmape": 66.66666666666666,
        "mape": 66.66666666666666,
        "bias": 44.44444444444444
      }
    },
    {
      "clientId": 3875,
      "clientName": "E.L.D. GMBH",
      "orderName": "S39579",
      "success": true,
      "metrics": {
        "precision": 0.25,
        "recall": 0.3333333333333333,
        "f1Score": 0.28571428571428575,
        "mae": 112,
        "wmape": 58.333333333333336,
        "mape": 58.333333333333336,
        "bias": -58.333333333333336
      }
    },
    {
      "clientId": 5490,
      "clientName": "BIOCOOP SA COOP, BIOCOOP SA COOP, Adresse de facturation",
      "orderName": "S39754",
      "success": true,
      "metrics": {
        "precision": 0.4166666666666667,
        "recall": 1,
        "f1Score": 0.5882352941176471,
        "mae": 82.5,
        "wmape": 46.92832764505119,
        "mape": 66.66666666666666,
        "bias": 46.92832764505119
      }
    },
    {
      "clientId": 8131,
      "clientName": "ILIS    SA, FRANCESCO LOZANO",
      "orderName": "S37570",
      "success": true,
      "metrics": {
        "precision": 0.8333333333333334,
        "recall": 1,
        "f1Score": 0.9090909090909091,
        "mae": 144.6,
        "wmape": 71.16141732283464,
        "mape": 46.4,
        "bias": -71.16141732283464
      }
    },
    {
      "clientId": 8144,
      "clientName": "DELISALADES, Jean-Luc Durré",
      "orderName": "S39732",
      "success": true,
      "metrics": {
        "precision": 1,
        "recall": 1,
        "f1Score": 1,
        "mae": 0,
        "wmape": 0,
        "mape": 0,