{
  "executionDate": "2025-12-19T15:03:29.489Z",
  "config": {
    "daysBeforePrediction": 1
  },
  "aggregateMetrics": {
    "mean": {
      "precision": 0.42553296788650724,
      "recall": 0.8967412492944405,
      "f1Score": 0.5400719009536376,
      "mae": 24.60026710877775,
      "wmape": 32.202054413209616,
      "mape": 37.38620084064491,
      "bias": 5.710694903863611
    },
    "median": {
      "precision": 0.42857142857142855,
      "recall": 1,
      "f1Score": 0.6,
      "mae": 1.1111111111111112,
      "wmape": 30,
      "mape": 33.33333333333333,
      "bias": 0
    },
    "stdDev": {
      "precision": 0.2378757158240053,
      "recall": 0.17490922749704704,
      "f1Score": 0.23997913909252383,
      "mae": 48.10148733902623,
      "wmape": 33.118432881330065,
      "mape": 36.233164788286985,
      "bias": 39.19973421515908
    },
    "percentiles": {
      "p25": {
        "recall": 0.861904761904762,
        "wmape": 4.191537339169651,
        "mape": 7.380952380952381,
        "bias": -8.388157894736842
      },
      "p50": {
        "recall": 1,
        "wmape": 30,
        "mape": 33.33333333333333,
        "bias": 0
      },
      "p75": {
        "recall": 1,
        "wmape": 46.19047619047619,
        "mape": 51.78571428571428,
        "bias": 19.522480620155036
      },
      "p90": {
        "recall": 1,
        "wmape": 63.2896174863388,
        "mape": 73.90964590964592,
        "bias": 42.18954248366013
      }
    }
  },
  "individualResults": [
    {
      "clientId": 30,
      "clientName": "Conserverie Et Moutarderie Belge",
      "orderName": "S39535",
      "success": true,
      "metrics": {
        "precision": 0.2857142857142857,
        "recall": 1,
        "f1Score": 0.4444444444444445,
        "mae": 0,
        "wmape": 0,
        "mape": 0,
        "bias": 0
      }
    },
    {
      "clientId": 99,
      "clientName": "La Fermette Godelaine de Saint-Georges",
      "orderName": "S39676",
      "success": true,
      "metrics": {
        "precision": 0.125,
        "recall": 0.3,
        "f1Score": 0.17647058823529413,
        "mae": 0.3333333333333333,
        "wmape": 33.33333333333333,
        "mape": 33.333333333333336,
        "bias": 33.33333333333333
      }
    },
    {
      "clientId": 3452,
      "clientName": "DELHAIZE LE LION/DE LEEUW NV",
      "orderName": "S39686",
      "success": true,
      "metrics": {
        "precision": 0.5,
        "recall": 1,
        "f1Score": 0.6666666666666666,
        "mae": 0,
        "wmape": 0,
        "mape": 0,
        "bias": 0
      }
    },
    {
      "clientId": 3460,
      "clientName": "UPFRESH - HUPPA",
      "orderName": "S39539",
      "success": true,
      "metrics": {
        "precision": 0.5,
        "recall": 1,
        "f1Score": 0.6666666666666666,
        "mae": 80,
        "wmape": 50,
        "mape": 50,
        "bias": -50
      }
    },
    {
      "clientId": 3547,
      "clientName": "K&F DE PAUW",
      "orderName": "S39711",
      "success": true,
      "metrics": {
        "precision": 0.05555555555555555,
        "recall": 1,
        "f1Score": 0.10526315789473684,
        "mae": 0,
        "wmape": 0,
        "mape": 0,
        "bias": 0
      }
    },
    {
      "clientId": 3576,
      "clientName": "HOUGARDY S.A.",
      "orderName": "S39635",
      "success": true,
      "metrics": {
        "precision": 0.5,
        "recall": 1,
        "f1Score": 0.6666666666666666,
        "mae": 0,
        "wmape": 0,
        "mape": 0,
        "bias": 0
      }
    },
    {
      "clientId": 3577,
      "clientName": "ITM ALIMENTAIRE BELGIUM",
      "orderName": "S39716",
      "success": true,
      "metrics": {
        "precision": 0.6666666666666666,
        "recall": 1,
        "f1Score": 0.8,
        "mae": 56,
        "wmape": 46.666666666666664,
        "mape": 50,
        "bias": 46.666666666666664
      }
    },
    {
      "clientId": 3590,
      "clientName": "MAISON DESPRIET SA",
      "orderName": "S39562",
      "success": true,
      "metrics": {
        "precision": 0.4,
        "recall": 1,
        "f1Score": 0.5714285714285715,
        "mae": 13,
        "wmape": 19.923371647509576,
        "mape": 29.166666666666664,
        "bias": 19.923371647509576
      }
    },
    {
      "clientId": 3755,
      "clientName": "BVBA DRINK & FOOD",
      "orderName": "S39706",
      "success": true,
      "metrics": {
        "precision": 0.5,
        "recall": 1,
        "f1Score": 0.6666666666666666,
        "mae": 1,
        "wmape": 2.4691358024691357,
        "mape": 100,
        "bias": 2.4691358024691357
      }
    },
    {
      "clientId": 3812,
      "clientName": "ÖKORING HANDELS GMBH",
      "orderName": "S39594",
      "success": true,
      "metrics": {
        "precision": 0.6666666666666666,
        "recall": 0.6666666666666666,
        "f1Score": 0.6666666666666666,
        "mae": 0,
        "wmape": 0,
        "mape": 0,
        "bias": 0
      }
    },
    {
      "clientId": 3818,
      "clientName": "NATURKOST WEST GMBH",
      "orderName": "S39694",
      "success": true,
      "metrics": {
        "precision": 0.5,
        "recall": 1,
        "f1Score": 0.6666666666666666,
        "mae": 8,
        "wmape": 25,
        "mape": 25,
        "bias": -25
      }
    },
    {
      "clientId": 3831,
      "clientName": "DANTESSE GmbH",
      "orderName": "S39512",
      "success": true,
      "metrics": {
        "precision": 0.09090909090909091,
        "recall": 1,
        "f1Score": 0.16666666666666669,
        "mae": 0,
        "wmape": 0,
        "mape": 0,
        "bias": 0
      }
    },
    {
      "clientId": 3840,
      "clientName": "KORO HANDELS GmbH",
      "orderName": "S39714",
      "success": true,
      "metrics": {
        "precision": 0.25,
        "recall": 0.25,
        "f1Score": 0.25,
        "mae": 0,
        "wmape": 0,
        "mape": 0,
        "bias": 0
      }
    },
    {
      "clientId": 3863,
      "clientName": "C.F. GRELL NACHF. NATURKOST",
      "orderName": "S39705",
      "success": true,
      "metrics": {
        "precision": 1,
        "recall": 1,
        "f1Score": 1,
        "mae": 8,
        "wmape": 33.33333333333333,
        "mape": 33.33333333333333,
        "bias": 0
      }
    },
    {
      "clientId": 3865,
      "clientName": "REWE MARKT GMBH - WEST",
      "orderName": "S39292",
      "success": true,
      "metrics": {
        "precision": 0.2,
        "recall": 0.8,
        "f1Score": 0.32000000000000006,
        "mae": 1.5,
        "wmape": 66.66666666666666,
        "mape": 66.66666666666666,
        "bias": 44.44444444444444
      }
    },
    {
      "clientId": 3875,
      "clientName": "E.L.D. GMBH",
      "orderName": "S39579",
      "success": true,
      "metrics": {
        "precision": 0.25,
        "recall": 1,
        "f1Score": 0.4,
        "mae": 80,
        "wmape": 41.66666666666667,
        "mape": 41.66666666666667,
        "bias": -41.66666666666667
      }
    },
    {
      "clientId": 5490,
      "clientName": "BIOCOOP SA COOP, BIOCOOP SA COOP, Adresse de facturation",
      "orderName": "S39754",
      "success": true,
      "metrics": {
        "precision": 0.5263157894736842,
        "recall": 1,
        "f1Score": 0.6896551724137931,
        "mae": 80.3,
        "wmape": 45.676905574516496,
        "mape": 66.66666666666666,
        "bias": 45.676905574516496
      }
    },
    {
      "clientId": 8131,
      "clientName": "ILIS    SA, FRANCESCO LOZANO",
      "orderName": "S37570",
      "success": true,
      "metrics": {
        "precision": 0.7142857142857143,
        "recall": 1,
        "f1Score": 0.8333333333333333,
        "mae": 144.6,
        "wmape": 71.16141732283464,
        "mape": 46.4,
        "bias": -71.16141732283464
      }
    },
    {
      "clientId": 8144,
      "clientName": "DELISALADES, Jean-Luc Durré",
      "orderName": "S39732",
      "success": true,